created_at,updated_at,id,code,name,status,category_code,model_code,serial_number,location_code,department_code,assigned_user_id,vendor_code,warranty_end,cost,activation_date,depreciation_code,description,verified_at,verified_by,next_due,frequency_days,previous_location_code,transfer_destination
2026-10-06T07:01:13+00:00,2026-10-07T06:01:13+00:00,7a9525b0-d894-5445-aafc-4dd98a9b7274,AST-0070,Packaged air handling unit · 04,DRAFT,CAT-HVAC,MOD-HVAC-02,DEMO-SN-00070,PUN-STORAGE,MAINTENANCE,,VEN-HVAC,2027-10-07,62000,,DEP-HVAC,Fictional demo asset for Evergreen Industries. IT and non-IT lifecycle illustration; no purchase order or procurement data.,2026-10-01T09:01:13+00:00,6b7a1e85-ccc2-5b38-9f94-9830c8f3f08a,2026-11-06,30,,
2026-10-06T07:01:13+00:00,2026-10-07T06:01:13+00:00,8572584e-d785-5acb-86b9-3a084caf0ffc,AST-0078,Storage cabinet · 04,DRAFT,CAT-FURN,MOD-FURN-02,DEMO-SN-00078,PUN-STORAGE,WAREHOUSE,,VEN-IT,2027-10-07,10000,,DEP-FURN,Fictional demo asset for Evergreen Industries. IT and non-IT lifecycle illustration; no purchase order or procurement data.,2026-10-01T01:01:13+00:00,6b7a1e85-ccc2-5b38-9f94-9830c8f3f08a,,,,
2026-04-10T08:00:00+00:00,2026-10-07T06:01:13+00:00,a72fb78c-8041-5558-b48b-bc7b0dab3603,AST-0012,ThinkPad T14 · 12,IN_STOCK,CAT-LAP,MOD-LAP-02,DEMO-SN-00012,HQ-STORE,FINANCE,,VEN-IT,2026-11-21,77000,2026-04-10,DEP-IT,Fictional demo asset for Evergreen Industries. IT and non-IT lifecycle illustration; no purchase order or procurement data.,,,2026-10-17,90,,
2026-04-10T08:00:00+00:00,2026-10-07T06:01:13+00:00,8ae3135f-c362-5532-92f5-e6088a2d9332,AST-0024,ThinkPad T14 · 24,ASSIGNED,CAT-LAP,MOD-LAP-02,DEMO-SN-00024,PUN-DISPATCH,WAREHOUSE,405083be-63ca-55c3-a460-e8d3b200c8cb,VEN-IT,2026-07-09,77000,2026-04-10,DEP-IT,Fictional demo asset for Evergreen Industries. IT and non-IT lifecycle illustration; no purchase order or procurement data.,,,,,,
2026-04-10T08:00:00+00:00,2026-10-07T06:01:13+00:00,95a7e811-dcc2-5ef4-ac43-d9c83bcc865d,AST-0036,P2425H display · 03,IN_STOCK,CAT-MON,MOD-MON-01,DEMO-SN-00036,HQ-STORE,IT,,VEN-IT,2026-11-21,16000,2026-04-10,DEP-IT,Fictional demo asset for Evergreen Industries. IT and non-IT lifecycle illustration; no purchase order or procurement data.,,,,,,
2026-04-10T08:00:00+00:00,2026-10-07T06:01:13+00:00,ec141f61-12ed-5c26-aa3b-a99609588651,AST-0048,LaserJet Pro M404 · 03,ASSIGNED,CAT-PRINT,MOD-PRINT-01,DEMO-SN-00048,PUN-DISPATCH,WAREHOUSE,ff3fd9a1-9844-5f7f-bbdb-3a14d0eb8c11,VEN-IT,2026-07-09,37000,2026-04-10,DEP-IT,Fictional demo asset for Evergreen Industries. IT and non-IT lifecycle illustration; no purchase order or procurement data.,,,,,,
2026-04-10T08:00:00+00:00,2026-10-07T06:01:13+00:00,b7f1d905-3281-5dd3-a1a4-13e303ab7a0f,AST-0060,Galaxy A55 · 02,IN_STOCK,CAT-PHONE,MOD-PHONE-01,DEMO-SN-00060,HQ-STORE,ADMIN,,VEN-IT,2026-11-21,25000,2026-04-10,DEP-IT,Fictional demo asset for Evergreen Industries. IT and non-IT lifecycle illustration; no purchase order or procurement data.,,,,,,
2026-04-10T08:00:00+00:00,2026-10-07T06:01:13+00:00,4842d095-e66b-5d55-9833-6f33f242e884,AST-0072,Utility delivery van · 01,ASSIGNED,CAT-VEH,MOD-VEH-01,DEMO-SN-00072,BLR-LINE1,FINANCE,c45454e5-d2a2-5c35-b901-856ee3a45fe3,VEN-FLEET,2026-07-09,950000,2026-04-10,DEP-VEH,Fictional demo asset for Evergreen Industries. IT and non-IT lifecycle illustration; no purchase order or procurement data. Demo registration: DEMO-FLEET-1,,,2026-11-08,30,,
2026-01-10T08:00:00+00:00,2026-10-07T06:01:13+00:00,5e6b8fc7-b298-5695-a130-fc8b95398210,AST-0001,Latitude 5450 · 01,ASSIGNED,CAT-LAP,MOD-LAP-01,DEMO-SN-00001,HQ-IT,ADMIN,9861d685-f1f2-5904-9b1b-ec119b816f5b,VEN-IT,2026-10-12,75000,2026-01-10,DEP-IT,Fictional demo asset for Evergreen Industries. IT and non-IT lifecycle illustration; no purchase order or procurement data.,2026-10-04T06:01:13+00:00,6b7a1e85-ccc2-5b38-9f94-9830c8f3f08a,,,,
2026-01-10T08:00:00+00:00,2026-10-07T06:01:13+00:00,440abc8f-ab37-5e99-9622-7cb90746295b,AST-0013,Latitude 5450 · 13,ASSIGNED,CAT-LAP,MOD-LAP-01,DEMO-SN-00013,HQ-IT,FINANCE,5741fb77-54ec-57f6-8dd3-128a6f117eca,VEN-IT,2027-02-04,75000,2026-01-10,DEP-IT,Fictional demo asset for Evergreen Industries. IT and non-IT lifecycle illustration; no purchase order or procurement data.,2026-10-03T18:01:13+00:00,6b7a1e85-ccc2-5b38-9f94-9830c8f3f08a,2026-10-21,90,,
2026-01-10T08:00:00+00:00,2026-10-07T06:01:13+00:00,7f86c423-9621-5463-b205-e5faafced74f,AST-0025,Latitude 5450 · 25,ASSIGNED,CAT-LAP,MOD-LAP-01,DEMO-SN-00025,BLR-OFFICE,QUALITY,a4ca66e0-3f1d-587c-9422-ad9729e225cc,VEN-IT,2026-10-12,75000,2026-01-10,DEP-IT,Fictional demo asset for Evergreen Industries. IT and non-IT lifecycle illustration; no purchase order or procurement data.,2026-10-03T06:01:13+00:00,6b7a1e85-ccc2-5b38-9f94-9830c8f3f08a,,,,
2026-01-10T08:00:00+00:00,2026-10-07T06:01:13+00:00,4170f88d-d30a-516c-b3ca-d417a5204607,AST-0037,P2425H display · 04,ASSIGNED,CAT-MON,MOD-MON-01,DEMO-SN-00037,BLR-OFFICE,IT,40168aac-e72a-503d-9cf3-769834e90587,VEN-IT,2027-02-04,14000,2026-01-10,DEP-IT,Fictional demo asset for Evergreen Industries. IT and non-IT lifecycle illustration; no purchase order or procurement data.,2026-10-02T18:01:13+00:00,6b7a1e85-ccc2-5b38-9f94-9830c8f3f08a,,,,
2026-01-10T08:00:00+00:00,2026-10-07T06:01:13+00:00,5998924f-20e6-5028-8635-e8732ca07fa9,AST-0049,LaserJet Pro M404 · 04,IN_REPAIR,CAT-PRINT,MOD-PRINT-01,DEMO-SN-00049,BLR-OFFICE,QUALITY,cb814b3f-dfa2-5b13-8d18-71a468927448,VEN-IT,2026-10-12,35000,2026-01-10,DEP-IT,Fictional demo asset for Evergreen Industries. IT and non-IT lifecycle illustration; no purchase order or procurement data.,2026-10-02T06:01:13+00:00,6b7a1e85-ccc2-5b38-9f94-9830c8f3f08a,,,,
2026-01-10T08:00:00+00:00,2026-10-07T06:01:13+00:00,370cf425-72da-55ce-9b40-06610dafc044,AST-0061,Galaxy A55 · 03,ASSIGNED,CAT-PHONE,MOD-PHONE-01,DEMO-SN-00061,HQ-IT,ADMIN,9861d685-f1f2-5904-9b1b-ec119b816f5b,VEN-IT,2027-02-04,26000,2026-01-10,DEP-IT,Fictional demo asset for Evergreen Industries. IT and non-IT lifecycle illustration; no purchase order or procurement data.,2026-10-01T18:01:13+00:00,6b7a1e85-ccc2-5b38-9f94-9830c8f3f08a,,,,
2026-01-10T08:00:00+00:00,2026-10-07T06:01:13+00:00,91d0853f-a9fe-5372-8073-9fbf02324965,AST-0073,Utility delivery van · 02,MAINTENANCE,CAT-VEH,MOD-VEH-01,DEMO-SN-00073,BLR-UTIL,FINANCE,5741fb77-54ec-57f6-8dd3-128a6f117eca,VEN-FLEET,2026-10-12,951000,2026-01-10,DEP-VEH,Fictional demo asset for Evergreen Industries. IT and non-IT lifecycle illustration; no purchase order or procurement data. Demo registration: DEMO-FLEET-2,2026-10-01T06:01:13+00:00,6b7a1e85-ccc2-5b38-9f94-9830c8f3f08a,2026-10-04,30,,
2025-10-12T08:00:00+00:00,2026-10-07T06:01:13+00:00,e0b2f529-88f2-56c0-8030-ec7a24957681,AST-0002,ThinkPad T14 · 02,ASSIGNED,CAT-LAP,MOD-LAP-02,DEMO-SN-00002,HQ-IT,IT,d2727f21-db3c-525e-9b14-23f7c8cabf73,VEN-IT,2026-10-19,76000,2025-10-12,DEP-IT,Fictional demo asset for Evergreen Industries. IT and non-IT lifecycle illustration; no purchase order or procurement data.,2026-10-04T05:01:13+00:00,6b7a1e85-ccc2-5b38-9f94-9830c8f3f08a,,,,
2025-10-12T08:00:00+00:00,2026-10-07T06:01:13+00:00,9673cde7-4036-5c89-8db1-b0af723ac564,AST-0014,ThinkPad T14 · 14,ASSIGNED,CAT-LAP,MOD-LAP-02,DEMO-SN-00014,HQ-IT,QUALITY,de7a15a7-912f-5a80-b5cc-b49a0e850890,VEN-IT,2027-10-07,76000,2025-10-12,DEP-IT,Fictional demo asset for Evergreen Industries. IT and non-IT lifecycle illustration; no purchase order or procurement data.,2026-10-03T17:01:13+00:00,6b7a1e85-ccc2-5b38-9f94-9830c8f3f08a,,,,
2025-10-12T08:00:00+00:00,2026-10-07T06:01:13+00:00,270beb04-8ee4-5c39-94f8-1979e6c89388,AST-0026,OptiPlex 7020 · 01,ASSIGNED,CAT-DESK,MOD-DESK-01,DEMO-SN-00026,HQ-IT,FINANCE,7bc69bd3-0d29-5679-80f3-15937b2dff5f,VEN-IT,2026-10-19,55000,2025-10-12,DEP-IT,Fictional demo asset for Evergreen Industries. IT and non-IT lifecycle illustration; no purchase order or procurement data.,2026-10-03T05:01:13+00:00,6b7a1e85-ccc2-5b38-9f94-9830c8f3f08a,,,,
2025-10-12T08:00:00+00:00,2026-10-07T06:01:13+00:00,238c7c0a-a7df-5720-bff2-4c2031890236,AST-0038,P2425H display · 05,ASSIGNED,CAT-MON,MOD-MON-01,DEMO-SN-00038,PUN-DISPATCH,IT,1bb88ffa-529c-5a6d-84c8-05bdc6796caa,VEN-IT,2027-10-07,15000,2025-10-12,DEP-IT,Fictional demo asset for Evergreen Industries. IT and non-IT lifecycle illustration; no purchase order or procurement data.,2026-10-02T17:01:13+00:00,6b7a1e85-ccc2-5b38-9f94-9830c8f3f08a,,,,
2025-10-12T08:00:00+00:00,2026-10-07T06:01:13+00:00,81e64736-b390-5fb7-9a7e-80a5ff19102e,AST-0050,LaserJet Pro M404 · 05,IN_STOCK,CAT-PRINT,MOD-PRINT-01,DEMO-SN-00050,HQ-STORE,ADMIN,,VEN-IT,2026-10-19,36000,2025-10-12,DEP-IT,Fictional demo asset for Evergreen Industries. IT and non-IT lifecycle illustration; no purchase order or procurement data.,2026-10-02T05:01:13+00:00,6b7a1e85-ccc2-5b38-9f94-9830c8f3f08a,,,,
2025-10-12T08:00:00+00:00,2026-10-07T06:01:13+00:00,d0917ded-4c99-58c2-be58-0e1ada9ea010,AST-0062,Galaxy A55 · 04,ASSIGNED,CAT-PHONE,MOD-PHONE-01,DEMO-SN-00062,HQ-IT,IT,d2727f21-db3c-525e-9b14-23f7c8cabf73,VEN-IT,2027-10-07,24000,2025-10-12,DEP-IT,Fictional demo asset for Evergreen Industries. IT and non-IT lifecycle illustration; no purchase order or procurement data.,2026-10-01T17:01:13+00:00,6b7a1e85-ccc2-5b38-9f94-9830c8f3f08a,,,,
2025-10-12T08:00:00+00:00,2026-10-07T06:01:13+00:00,9e207797-9449-5d70-96f9-f53b93f9c394,AST-0074,Utility delivery van · 03,IN_STOCK,CAT-VEH,MOD-VEH-01,DEMO-SN-00074,HQ-STORE,QUALITY,,VEN-FLEET,2026-10-19,952000,2025-10-12,DEP-VEH,Fictional demo asset for Evergreen Industries. IT and non-IT lifecycle illustration; no purchase order or procurement data. Demo registration: DEMO-FLEET-3,2026-10-01T05:01:13+00:00,6b7a1e85-ccc2-5b38-9f94-9830c8f3f08a,2026-11-10,30,,
2025-07-14T08:00:00+00:00,2026-10-07T06:01:13+00:00,63caf73f-2bd0-589f-8f09-fc5365c91c63,AST-0003,Latitude 5450 · 03,IN_REPAIR,CAT-LAP,MOD-LAP-01,DEMO-SN-00003,HQ-IT,ADMIN,6b7a1e85-ccc2-5b38-9f94-9830c8f3f08a,VEN-IT,2026-11-01,77000,2025-07-14,DEP-IT,Fictional demo asset for Evergreen Industries. IT and non-IT lifecycle illustration; no purchase order or procurement data.,2026-10-04T04:01:13+00:00,6b7a1e85-ccc2-5b38-9f94-9830c8f3f08a,,,,
2025-07-14T08:00:00+00:00,2026-10-07T06:01:13+00:00,e1b662c6-92b1-5b56-982f-18eabb0c2dce,AST-0015,Latitude 5450 · 15,ASSIGNED,CAT-LAP,MOD-LAP-01,DEMO-SN-00015,BLR-OFFICE,QUALITY,c1a5bf1b-8cc2-5559-aefe-fce8f035f14e,VEN-IT,2028-10-06,77000,2025-07-14,DEP-IT,Fictional demo asset for Evergreen Industries. IT and non-IT lifecycle illustration; no purchase order or procurement data.,2026-10-03T16:01:13+00:00,6b7a1e85-ccc2-5b38-9f94-9830c8f3f08a,,,,
2025-07-14T08:00:00+00:00,2026-10-07T06:01:13+00:00,54b08e49-e2e9-50ec-b5c0-860bbaaf99f3,AST-0027,ThinkCentre M70 · 02,ASSIGNED,CAT-DESK,MOD-DESK-02,DEMO-SN-00027,HQ-IT,ADMIN,629450e0-6fcb-59e9-8aa5-a85876785e0c,VEN-IT,2026-11-01,56000,2025-07-14,DEP-IT,Fictional demo asset for Evergreen Industries. IT and non-IT lifecycle illustration; no purchase order or procurement data.,2026-10-03T04:01:13+00:00,6b7a1e85-ccc2-5b38-9f94-9830c8f3f08a,,,,
2025-07-14T08:00:00+00:00,2026-10-07T06:01:13+00:00,14d2b88b-5296-53ac-a469-4a0aac6d1ad4,AST-0039,P2425H display · 06,ASSIGNED,CAT-MON,MOD-MON-01,DEMO-SN-00039,BLR-OFFICE,MAINTENANCE,6c7266b8-430b-5f5b-8241-23ef8680f97e,VEN-IT,2028-10-06,16000,2025-07-14,DEP-IT,Fictional demo asset for Evergreen Industries. IT and non-IT lifecycle illustration; no purchase order or procurement data.,2026-10-02T16:01:13+00:00,6b7a1e85-ccc2-5b38-9f94-9830c8f3f08a,,,,
2025-07-14T08:00:00+00:00,2026-10-07T06:01:13+00:00,2437ab70-ba5f-5116-bf4b-855bfe126c82,AST-0051,Catalyst access switch · 01,ASSIGNED,CAT-NET,MOD-NET-01,DEMO-SN-00051,HQ-IT,HR,be431c8c-a0b4-59d2-9e56-f00944947f6c,VEN-NET,2026-11-01,22000,2025-07-14,DEP-NET,Fictional demo asset for Evergreen Industries. IT and non-IT lifecycle illustration; no purchase order or procurement data.,2026-10-02T04:01:13+00:00,6b7a1e85-ccc2-5b38-9f94-9830c8f3f08a,2026-10-18,90,,
2025-07-14T08:00:00+00:00,2026-10-07T06:01:13+00:00,fa1638ff-f384-586a-baee-3aa6e1f26c51,AST-0063,Galaxy A55 · 05,IN_STOCK,CAT-PHONE,MOD-PHONE-01,DEMO-SN-00063,HQ-STORE,ADMIN,,VEN-IT,2028-10-06,25000,2025-07-14,DEP-IT,Fictional demo asset for Evergreen Industries. IT and non-IT lifecycle illustration; no purchase order or procurement data.,2026-10-01T16:01:13+00:00,6b7a1e85-ccc2-5b38-9f94-9830c8f3f08a,,,,
2025-07-14T08:00:00+00:00,2026-10-07T06:01:13+00:00,9f2aea1f-6145-5da3-9cb9-33ed340f54e5,AST-0075,Ergonomic workstation · 01,ASSIGNED,CAT-FURN,MOD-FURN-01,DEMO-SN-00075,BLR-LINE1,QUALITY,c1a5bf1b-8cc2-5559-aefe-fce8f035f14e,VEN-IT,2026-11-01,10000,2025-07-14,DEP-FURN,Fictional demo asset for Evergreen Industries. IT and non-IT lifecycle illustration; no purchase order or procurement data.,2026-10-01T04:01:13+00:00,6b7a1e85-ccc2-5b38-9f94-9830c8f3f08a,,,,
2025-04-15T08:00:00+00:00,2026-10-07T06:01:13+00:00,bd6237f4-e1b6-59ca-b4b1-2f59df4c0e75,AST-0004,ThinkPad T14 · 04,ASSIGNED,CAT-LAP,MOD-LAP-02,DEMO-SN-00004,BLR-OFFICE,OPERATIONS,85b22bcb-18f6-5bd5-b315-37313e4afd8f,VEN-IT,2026-11-21,75000,2025-04-15,DEP-IT,Fictional demo asset for Evergreen Industries. IT and non-IT lifecycle illustration; no purchase order or procurement data.,,,,,,
2025-04-15T08:00:00+00:00,2026-10-07T06:01:13+00:00,70cfc6be-91f9-5cba-b3b2-50bfa6e85732,AST-0016,ThinkPad T14 · 16,ASSIGNED,CAT-LAP,MOD-LAP-02,DEMO-SN-00016,HQ-IT,HR,b75a85d0-d96e-5e06-bc75-26c59ce36fe2,VEN-IT,2026-07-09,75000,2025-04-15,DEP-IT,Fictional demo asset for Evergreen Industries. IT and non-IT lifecycle illustration; no purchase order or procurement data.,,,,,,
2025-04-15T08:00:00+00:00,2026-10-07T06:01:13+00:00,17da4c1f-4c8e-535a-829e-63826796fa8d,AST-0028,OptiPlex 7020 · 03,IN_STOCK,CAT-DESK,MOD-DESK-01,DEMO-SN-00028,PUN-STORE,WAREHOUSE,,VEN-IT,2026-11-21,57000,2025-04-15,DEP-IT,Fictional demo asset for Evergreen Industries. IT and non-IT lifecycle illustration; no purchase order or procurement data.,,,,,,
2025-04-15T08:00:00+00:00,2026-10-07T06:01:13+00:00,3f0a98b6-22b5-5442-83f2-ce57c60e6135,AST-0040,P2425H display · 07,ASSIGNED,CAT-MON,MOD-MON-01,DEMO-SN-00040,HQ-IT,MAINTENANCE,62378329-5e5e-574e-8e3e-a5bcb3ac512a,VEN-IT,2026-07-09,14000,2025-04-15,DEP-IT,Fictional demo asset for Evergreen Industries. IT and non-IT lifecycle illustration; no purchase order or procurement data.,,,,,,
2025-04-15T08:00:00+00:00,2026-10-07T06:01:13+00:00,16690631-fdde-5c95-8e6a-0dc696969ad3,AST-0052,Aruba access point · 02,ASSIGNED,CAT-NET,MOD-NET-02,DEMO-SN-00052,HQ-IT,OPERATIONS,9ec95ab0-ccc3-5ceb-9ce6-21cba2485add,VEN-NET,2026-11-21,23000,2025-04-15,DEP-NET,Fictional demo asset for Evergreen Industries. IT and non-IT lifecycle illustration; no purchase order or procurement data.,,,2026-10-19,90,,
2025-04-15T08:00:00+00:00,2026-10-07T06:01:13+00:00,f61d4fce-72b1-5851-85e1-a2c59af1754a,AST-0064,62.5 kVA standby set · 01,IN_REPAIR,CAT-GEN,MOD-GEN-01,DEMO-SN-00064,BLR-LINE1,OPERATIONS,85b22bcb-18f6-5bd5-b315-37313e4afd8f,VEN-POWER,2026-07-09,480000,2025-04-15,DEP-EQP,Fictional demo asset for Evergreen Industries. IT and non-IT lifecycle illustration; no purchase order or procurement data.,,,2026-10-31,30,,
2025-04-15T08:00:00+00:00,2026-10-07T06:01:13+00:00,59fe6a8e-2d7a-5d81-bca1-7cbea2c8c024,AST-0076,Storage cabinet · 02,IN_STOCK,CAT-FURN,MOD-FURN-02,DEMO-SN-00076,HQ-STORE,HR,,VEN-IT,2026-11-21,11000,2025-04-15,DEP-FURN,Fictional demo asset for Evergreen Industries. IT and non-IT lifecycle illustration; no purchase order or procurement data.,,,,,,
2025-01-15T08:00:00+00:00,2026-10-07T06:01:13+00:00,87f8ac94-1dd7-5499-8032-1464029e1d43,AST-0005,Latitude 5450 · 05,ASSIGNED,CAT-LAP,MOD-LAP-01,DEMO-SN-00005,HQ-IT,IT,178b43e4-e90c-5d29-8744-9043c4193b85,VEN-IT,2027-02-04,76000,2025-01-15,DEP-IT,Fictional demo asset for Evergreen Industries. IT and non-IT lifecycle illustration; no purchase order or procurement data.,2026-10-04T02:01:13+00:00,6b7a1e85-ccc2-5b38-9f94-9830c8f3f08a,,,,
2025-01-15T08:00:00+00:00,2026-10-07T06:01:13+00:00,8ec99e1f-ec44-5548-8807-6cd973df147b,AST-0017,Latitude 5450 · 17,ASSIGNED,CAT-LAP,MOD-LAP-01,DEMO-SN-00017,BLR-OFFICE,OPERATIONS,76d32e51-31af-5b29-83e3-ec6d98589003,VEN-IT,2026-10-12,76000,2025-01-15,DEP-IT,Fictional demo asset for Evergreen Industries. IT and non-IT lifecycle illustration; no purchase order or procurement data.,2026-10-03T14:01:13+00:00,6b7a1e85-ccc2-5b38-9f94-9830c8f3f08a,,,,
2025-01-15T08:00:00+00:00,2026-10-07T06:01:13+00:00,8d4f6c17-9107-519c-ab4b-1e7635d1c2bf,AST-0029,ThinkCentre M70 · 04,ASSIGNED,CAT-DESK,MOD-DESK-02,DEMO-SN-00029,BLR-OFFICE,OPERATIONS,df0089a5-d68f-5d2b-adc8-68bb2b7babae,VEN-IT,2027-02-04,55000,2025-01-15,DEP-IT,Fictional demo asset for Evergreen Industries. IT and non-IT lifecycle illustration; no purchase order or procurement data.,2026-10-03T02:01:13+00:00,6b7a1e85-ccc2-5b38-9f94-9830c8f3f08a,,,,
2025-01-15T08:00:00+00:00,2026-10-07T06:01:13+00:00,1fcd4405-fe59-5f3f-aa79-910984e89b8e,AST-0041,P2425H display · 08,IN_REPAIR,CAT-MON,MOD-MON-01,DEMO-SN-00041,PUN-DISPATCH,MAINTENANCE,3669fd23-1873-5f1d-8cba-b2e0d79594e4,VEN-IT,2026-10-12,15000,2025-01-15,DEP-IT,Fictional demo asset for Evergreen Industries. IT and non-IT lifecycle illustration; no purchase order or procurement data.,2026-10-02T14:01:13+00:00,6b7a1e85-ccc2-5b38-9f94-9830c8f3f08a,,,,
2025-01-15T08:00:00+00:00,2026-10-07T06:01:13+00:00,fc92ae4a-a42f-549e-a808-0e79d82666dd,AST-0053,Catalyst access switch · 03,IN_STOCK,CAT-NET,MOD-NET-01,DEMO-SN-00053,BLR-STORE,OPERATIONS,,VEN-NET,2027-02-04,24000,2025-01-15,DEP-NET,Fictional demo asset for Evergreen Industries. IT and non-IT lifecycle illustration; no purchase order or procurement data.,2026-10-02T02:01:13+00:00,6b7a1e85-ccc2-5b38-9f94-9830c8f3f08a,2026-10-20,90,,
2025-01-15T08:00:00+00:00,2026-10-07T06:01:13+00:00,eddf8a94-48e3-5ff2-b037-a73f54fecdc3,AST-0065,125 kVA standby set · 02,MAINTENANCE,CAT-GEN,MOD-GEN-02,DEMO-SN-00065,BLR-UTIL,IT,178b43e4-e90c-5d29-8744-9043c4193b85,VEN-POWER,2026-10-12,481000,2025-01-15,DEP-EQP,Fictional demo asset for Evergreen Industries. IT and non-IT lifecycle illustration; no purchase order or procurement data.,2026-10-01T14:01:13+00:00,6b7a1e85-ccc2-5b38-9f94-9830c8f3f08a,2026-10-04,30,,
2025-01-15T08:00:00+00:00,2026-10-07T06:01:13+00:00,fa0b7a3b-cb48-5f2e-9468-ab4712e3b11a,AST-0077,Ergonomic workstation · 03,RETIRED,CAT-FURN,MOD-FURN-01,DEMO-SN-00077,HQ-COMMON,OPERATIONS,,VEN-IT,2027-02-04,12000,2025-01-15,DEP-FURN,Fictional demo asset for Evergreen Industries. IT and non-IT lifecycle illustration; no purchase order or procurement data.,2026-10-01T02:01:13+00:00,6b7a1e85-ccc2-5b38-9f94-9830c8f3f08a,,,,
2024-10-17T08:00:00+00:00,2026-10-07T06:01:13+00:00,a55b509a-520a-57c1-b916-2e2ee08f21d0,AST-0006,ThinkPad T14 · 06,ASSIGNED,CAT-LAP,MOD-LAP-02,DEMO-SN-00006,HQ-IT,IT,976d9a4b-3a49-596d-ae01-2de7dc8a3a77,VEN-IT,2027-10-07,77000,2024-10-17,DEP-IT,Fictional demo asset for Evergreen Industries. IT and non-IT lifecycle illustration; no purchase order or procurement data.,2026-10-04T01:01:13+00:00,6b7a1e85-ccc2-5b38-9f94-9830c8f3f08a,2026-10-03,90,,
2024-10-17T08:00:00+00:00,2026-10-07T06:01:13+00:00,d3c3e699-d522-58a0-a341-a8c3156f9a01,AST-0018,ThinkPad T14 · 18,ASSIGNED,CAT-LAP,MOD-LAP-02,DEMO-SN-00018,PUN-DISPATCH,WAREHOUSE,ff3fd9a1-9844-5f7f-bbdb-3a14d0eb8c11,VEN-IT,2026-10-19,77000,2024-10-17,DEP-IT,Fictional demo asset for Evergreen Industries. IT and non-IT lifecycle illustration; no purchase order or procurement data.,2026-10-03T13:01:13+00:00,6b7a1e85-ccc2-5b38-9f94-9830c8f3f08a,,,,
2024-10-17T08:00:00+00:00,2026-10-07T06:01:13+00:00,57546536-7624-5c24-9980-1fd292350651,AST-0030,OptiPlex 7020 · 05,ASSIGNED,CAT-DESK,MOD-DESK-01,DEMO-SN-00030,HQ-IT,ADMIN,41239575-ad45-5599-bf1c-22a1c28654af,VEN-IT,2027-10-07,56000,2024-10-17,DEP-IT,Fictional demo asset for Evergreen Industries. IT and non-IT lifecycle illustration; no purchase order or procurement data.,2026-10-03T01:01:13+00:00,6b7a1e85-ccc2-5b38-9f94-9830c8f3f08a,,,,
2024-10-17T08:00:00+00:00,2026-10-07T06:01:13+00:00,e076cea0-ba61-51ce-8aba-0a72ac8934f0,AST-0042,P2425H display · 09,ASSIGNED,CAT-MON,MOD-MON-01,DEMO-SN-00042,HQ-IT,FINANCE,c45454e5-d2a2-5c35-b901-856ee3a45fe3,VEN-IT,2026-10-19,16000,2024-10-17,DEP-IT,Fictional demo asset for Evergreen Industries. IT and non-IT lifecycle illustration; no purchase order or procurement data.,2026-10-02T13:01:13+00:00,6b7a1e85-ccc2-5b38-9f94-9830c8f3f08a,,,,
2024-10-17T08:00:00+00:00,2026-10-07T06:01:13+00:00,0e5ac6a6-ed79-5638-a5c5-f99392019c9b,AST-0054,Aruba access point · 04,ASSIGNED,CAT-NET,MOD-NET-02,DEMO-SN-00054,PUN-DISPATCH,WAREHOUSE,405083be-63ca-55c3-a460-e8d3b200c8cb,VEN-NET,2027-10-07,22000,2024-10-17,DEP-NET,Fictional demo asset for Evergreen Industries. IT and non-IT lifecycle illustration; no purchase order or procurement data.,2026-10-02T01:01:13+00:00,6b7a1e85-ccc2-5b38-9f94-9830c8f3f08a,2026-10-21,90,,
2024-10-17T08:00:00+00:00,2026-10-07T06:01:13+00:00,4bd11dee-c8f5-5bdd-a439-0f422ddefdd5,AST-0066,62.5 kVA standby set · 03,IN_STOCK,CAT-GEN,MOD-GEN-01,DEMO-SN-00066,HQ-STORE,IT,,VEN-POWER,2026-10-19,482000,2024-10-17,DEP-EQP,Fictional demo asset for Evergreen Industries. IT and non-IT lifecycle illustration; no purchase order or procurement data.,2026-10-01T13:01:13+00:00,6b7a1e85-ccc2-5b38-9f94-9830c8f3f08a,2026-11-02,30,,
2024-07-19T08:00:00+00:00,2026-10-07T06:01:13+00:00,f60ba54a-f625-5732-bdf5-e7f4e1ecb687,AST-0007,Latitude 5450 · 07,ASSIGNED,CAT-LAP,MOD-LAP-01,DEMO-SN-00007,BLR-OFFICE,IT,40168aac-e72a-503d-9cf3-769834e90587,VEN-IT,2028-10-06,75000,2024-07-19,DEP-IT,Fictional demo asset for Evergreen Industries. IT and non-IT lifecycle illustration; no purchase order or procurement data.,2026-10-04T00:01:13+00:00,6b7a1e85-ccc2-5b38-9f94-9830c8f3f08a,2026-10-05,90,,
2024-07-19T08:00:00+00:00,2026-10-07T06:01:13+00:00,19529a68-9795-542f-8ce5-5312c93c2b43,AST-0019,Latitude 5450 · 19,RETIRED,CAT-LAP,MOD-LAP-01,DEMO-SN-00019,BLR-OFFICE,QUALITY,,VEN-IT,2026-11-01,75000,2024-07-19,DEP-IT,Fictional demo asset for Evergreen Industries. IT and non-IT lifecycle illustration; no purchase order or procurement data.,2026-10-03T12:01:13+00:00,6b7a1e85-ccc2-5b38-9f94-9830c8f3f08a,,,,
2024-07-19T08:00:00+00:00,2026-10-07T06:01:13+00:00,2498cd77-1494-5ab7-906a-21e4bb08d1ee,AST-0031,ThinkCentre M70 · 06,ASSIGNED,CAT-DESK,MOD-DESK-02,DEMO-SN-00031,HQ-IT,ADMIN,9861d685-f1f2-5904-9b1b-ec119b816f5b,VEN-IT,2028-10-06,57000,2024-07-19,DEP-IT,Fictional demo asset for Evergreen Industries. IT and non-IT lifecycle illustration; no purchase order or procurement data.,2026-10-03T00:01:13+00:00,6b7a1e85-ccc2-5b38-9f94-9830c8f3f08a,,,,
2024-07-19T08:00:00+00:00,2026-10-07T06:01:13+00:00,0731814a-80b0-5bfa-b40d-3efd599d0dbd,AST-0043,P2425H display · 10,ASSIGNED,CAT-MON,MOD-MON-01,DEMO-SN-00043,HQ-IT,FINANCE,5741fb77-54ec-57f6-8dd3-128a6f117eca,VEN-IT,2026-11-01,14000,2024-07-19,DEP-IT,Fictional demo asset for Evergreen Industries. IT and non-IT lifecycle illustration; no purchase order or procurement data.,2026-10-02T12:01:13+00:00,6b7a1e85-ccc2-5b38-9f94-9830c8f3f08a,,,,
2024-07-19T08:00:00+00:00,2026-10-07T06:01:13+00:00,b9f741cf-2bec-5704-8671-30471846bf0b,AST-0055,Catalyst access switch · 05,MAINTENANCE,CAT-NET,MOD-NET-01,DEMO-SN-00055,BLR-OFFICE,QUALITY,a4ca66e0-3f1d-587c-9422-ad9729e225cc,VEN-NET,2028-10-06,23000,2024-07-19,DEP-NET,Fictional demo asset for Evergreen Industries. IT and non-IT lifecycle illustration; no purchase order or procurement data.,2026-10-02T00:01:13+00:00,6b7a1e85-ccc2-5b38-9f94-9830c8f3f08a,2026-10-04,90,,
2024-07-19T08:00:00+00:00,2026-10-07T06:01:13+00:00,d588ebe0-76c8-58b6-85f9-bc590c89f778,AST-0067,2 ton split air conditioner · 01,IN_REPAIR,CAT-HVAC,MOD-HVAC-01,DEMO-SN-00067,BLR-LINE1,IT,40168aac-e72a-503d-9cf3-769834e90587,VEN-HVAC,2026-11-01,62000,2024-07-19,DEP-HVAC,Fictional demo asset for Evergreen Industries. IT and non-IT lifecycle illustration; no purchase order or procurement data.,2026-10-01T12:01:13+00:00,6b7a1e85-ccc2-5b38-9f94-9830c8f3f08a,2026-11-03,30,,
2024-07-19T08:00:00+00:00,2026-10-07T06:01:13+00:00,02e47bcf-38bf-5f92-9bb4-ac04413efb8b,AST-0079,ABC fire extinguisher · 01,DISPOSED,CAT-SAFE,MOD-SAFE-01,DEMO-SN-00079,BLR-LINE1,QUALITY,,VEN-SAFE,2028-10-06,5000,2024-07-19,DEP-EQP,Fictional demo asset for Evergreen Industries. IT and non-IT lifecycle illustration; no purchase order or procurement data.,2026-10-01T00:01:13+00:00,6b7a1e85-ccc2-5b38-9f94-9830c8f3f08a,,,,
2024-04-20T08:00:00+00:00,2026-10-07T06:01:13+00:00,a03e9912-e319-5717-b76d-461620026f1b,AST-0008,ThinkPad T14 · 08,IN_STOCK,CAT-LAP,MOD-LAP-02,DEMO-SN-00008,PUN-STORE,IT,,VEN-IT,2026-07-09,76000,2024-04-20,DEP-IT,Fictional demo asset for Evergreen Industries. IT and non-IT lifecycle illustration; no purchase order or procurement data.,,,2026-10-07,90,,
2024-04-20T08:00:00+00:00,2026-10-07T06:01:13+00:00,66bc34e1-a59c-58e3-b338-e6fc76bc62c1,AST-0020,ThinkPad T14 · 20,ASSIGNED,CAT-LAP,MOD-LAP-02,DEMO-SN-00020,HQ-IT,ADMIN,c27d41e7-cd94-5c8e-8588-4fa5028fbf2f,VEN-IT,2026-11-21,76000,2024-04-20,DEP-IT,Fictional demo asset for Evergreen Industries. IT and non-IT lifecycle illustration; no purchase order or procurement data.,,,,,,
2024-04-20T08:00:00+00:00,2026-10-07T06:01:13+00:00,1091c9b5-9ec3-5094-a692-6759cd5899fe,AST-0032,OptiPlex 7020 · 07,ASSIGNED,CAT-DESK,MOD-DESK-01,DEMO-SN-00032,HQ-IT,IT,d2727f21-db3c-525e-9b14-23f7c8cabf73,VEN-IT,2026-07-09,55000,2024-04-20,DEP-IT,Fictional demo asset for Evergreen Industries. IT and non-IT lifecycle illustration; no purchase order or procurement data.,,,,,,
2024-04-20T08:00:00+00:00,2026-10-07T06:01:13+00:00,509d7d14-70c1-5928-935e-ddb7e4d57f44,AST-0044,P2425H display · 11,IN_STOCK,CAT-MON,MOD-MON-01,DEMO-SN-00044,HQ-STORE,QUALITY,,VEN-IT,2026-11-21,15000,2024-04-20,DEP-IT,Fictional demo asset for Evergreen Industries. IT and non-IT lifecycle illustration; no purchase order or procurement data.,,,,,,
2024-04-20T08:00:00+00:00,2026-10-07T06:01:13+00:00,997a51d5-1943-5ea2-978a-84ab858a589f,AST-0056,PowerEdge R350 · 01,ACTIVE,CAT-SRV,MOD-SRV-01,DEMO-SN-00056,HQ-SERVER,FINANCE,,VEN-IT,2026-07-09,250000,2024-04-20,DEP-NET,Fictional demo asset for Evergreen Industries. IT and non-IT lifecycle illustration; no purchase order or procurement data.,,,2026-10-23,90,,
2024-04-20T08:00:00+00:00,2026-10-07T06:01:13+00:00,7c8fc5c3-64f7-5b07-b12e-d83ba811cfc4,AST-0068,Packaged air handling unit · 02,MAINTENANCE,CAT-HVAC,MOD-HVAC-02,DEMO-SN-00068,BLR-UTIL,IT,1bb88ffa-529c-5a6d-84c8-05bdc6796caa,VEN-HVAC,2026-11-21,63000,2024-04-20,DEP-HVAC,Fictional demo asset for Evergreen Industries. IT and non-IT lifecycle illustration; no purchase order or procurement data.,,,2026-10-04,30,,
2024-04-20T08:00:00+00:00,2026-10-07T06:01:13+00:00,f5d8fc09-c5e4-5a88-9813-3f4f0e797ae1,AST-0080,ABC fire extinguisher · 02,ARCHIVED,CAT-SAFE,MOD-SAFE-01,DEMO-SN-00080,BLR-UTIL,ADMIN,,VEN-SAFE,2026-07-09,6000,2024-04-20,DEP-EQP,Fictional demo asset for Evergreen Industries. IT and non-IT lifecycle illustration; no purchase order or procurement data.,,,,,,
2024-01-21T08:00:00+00:00,2026-10-07T06:01:13+00:00,73d873d9-0307-5636-80a5-fc1ea9095ed7,AST-0009,Latitude 5450 · 09,ASSIGNED,CAT-LAP,MOD-LAP-01,DEMO-SN-00009,BLR-OFFICE,MAINTENANCE,6c7266b8-430b-5f5b-8241-23ef8680f97e,VEN-IT,2026-10-12,77000,2024-01-21,DEP-IT,Fictional demo asset for Evergreen Industries. IT and non-IT lifecycle illustration; no purchase order or procurement data.,2026-10-03T22:01:13+00:00,6b7a1e85-ccc2-5b38-9f94-9830c8f3f08a,2026-10-08,90,,
2024-01-21T08:00:00+00:00,2026-10-07T06:01:13+00:00,1724f1d5-d2bb-5c1d-9199-285dbe43ea6c,AST-0021,Latitude 5450 · 21,ASSIGNED,CAT-LAP,MOD-LAP-01,DEMO-SN-00021,HQ-IT,HR,be431c8c-a0b4-59d2-9e56-f00944947f6c,VEN-IT,2027-02-04,77000,2024-01-21,DEP-IT,Fictional demo asset for Evergreen Industries. IT and non-IT lifecycle illustration; no purchase order or procurement data.,2026-10-03T10:01:13+00:00,6b7a1e85-ccc2-5b38-9f94-9830c8f3f08a,,,,
2024-01-21T08:00:00+00:00,2026-10-07T06:01:13+00:00,523a706d-e76a-557f-88ba-6dde3d3867a7,AST-0033,ThinkCentre M70 · 08,IN_STOCK,CAT-DESK,MOD-DESK-02,DEMO-SN-00033,HQ-STORE,ADMIN,,VEN-IT,2026-10-12,56000,2024-01-21,DEP-IT,Fictional demo asset for Evergreen Industries. IT and non-IT lifecycle illustration; no purchase order or procurement data.,2026-10-02T22:01:13+00:00,6b7a1e85-ccc2-5b38-9f94-9830c8f3f08a,,,,
2024-01-21T08:00:00+00:00,2026-10-07T06:01:13+00:00,1a70fbe0-bd6a-5b9f-84cf-8f1400058a86,AST-0045,P2425H display · 12,ASSIGNED,CAT-MON,MOD-MON-01,DEMO-SN-00045,BLR-OFFICE,QUALITY,c1a5bf1b-8cc2-5559-aefe-fce8f035f14e,VEN-IT,2027-02-04,16000,2024-01-21,DEP-IT,Fictional demo asset for Evergreen Industries. IT and non-IT lifecycle illustration; no purchase order or procurement data.,2026-10-02T10:01:13+00:00,6b7a1e85-ccc2-5b38-9f94-9830c8f3f08a,,,,
2024-01-21T08:00:00+00:00,2026-10-07T06:01:13+00:00,9c776a2b-00a7-546f-b0f1-855857de9d83,AST-0057,PowerEdge R350 · 02,IN_STOCK,CAT-SRV,MOD-SRV-01,DEMO-SN-00057,HQ-STORE,ADMIN,,VEN-IT,2026-10-12,251000,2024-01-21,DEP-NET,Fictional demo asset for Evergreen Industries. IT and non-IT lifecycle illustration; no purchase order or procurement data.,2026-10-01T22:01:13+00:00,6b7a1e85-ccc2-5b38-9f94-9830c8f3f08a,2026-10-24,90,,
2024-01-21T08:00:00+00:00,2026-10-07T06:01:13+00:00,a6053a78-b9eb-5c9c-880a-d2d37fba6518,AST-0069,2 ton split air conditioner · 03,ASSIGNED,CAT-HVAC,MOD-HVAC-01,DEMO-SN-00069,HQ-COMMON,MAINTENANCE,6c7266b8-430b-5f5b-8241-23ef8680f97e,VEN-HVAC,2027-02-04,64000,2024-01-21,DEP-HVAC,Fictional demo asset for Evergreen Industries. IT and non-IT lifecycle illustration; no purchase order or procurement data.,2026-10-01T10:01:13+00:00,6b7a1e85-ccc2-5b38-9f94-9830c8f3f08a,2026-11-05,30,,
2023-10-23T08:00:00+00:00,2026-10-07T06:01:13+00:00,b2b74f9a-26c3-5c7d-82be-3a0ff3f01a1d,AST-0010,ThinkPad T14 · 10,ASSIGNED,CAT-LAP,MOD-LAP-02,DEMO-SN-00010,HQ-IT,MAINTENANCE,62378329-5e5e-574e-8e3e-a5bcb3ac512a,VEN-IT,2026-10-19,75000,2023-10-23,DEP-IT,Fictional demo asset for Evergreen Industries. IT and non-IT lifecycle illustration; no purchase order or procurement data.,2026-10-03T21:01:13+00:00,6b7a1e85-ccc2-5b38-9f94-9830c8f3f08a,2026-10-10,90,,
2023-10-23T08:00:00+00:00,2026-10-07T06:01:13+00:00,937126a2-0bdf-5e70-a608-3d6b8318dcc1,AST-0022,ThinkPad T14 · 22,TRANSFERRED,CAT-LAP,MOD-LAP-02,DEMO-SN-00022,BLR-OFFICE,OPERATIONS,9ec95ab0-ccc3-5ceb-9ce6-21cba2485add,VEN-IT,2027-10-07,75000,2023-10-23,DEP-IT,Fictional demo asset for Evergreen Industries. IT and non-IT lifecycle illustration; no purchase order or procurement data.,2026-10-03T09:01:13+00:00,6b7a1e85-ccc2-5b38-9f94-9830c8f3f08a,,,HQ-IT,BLR-OFFICE
2023-10-23T08:00:00+00:00,2026-10-07T06:01:13+00:00,dd408be9-1b8b-5fdf-9d35-92d96e30304e,AST-0034,P2425H display · 01,ASSIGNED,CAT-MON,MOD-MON-01,DEMO-SN-00034,BLR-OFFICE,OPERATIONS,85b22bcb-18f6-5bd5-b315-37313e4afd8f,VEN-IT,2026-10-19,14000,2023-10-23,DEP-IT,Fictional demo asset for Evergreen Industries. IT and non-IT lifecycle illustration; no purchase order or procurement data.,2026-10-02T21:01:13+00:00,6b7a1e85-ccc2-5b38-9f94-9830c8f3f08a,,,,
2023-10-23T08:00:00+00:00,2026-10-07T06:01:13+00:00,967d6ed4-9643-56ee-8788-0d1cc8470df1,AST-0046,LaserJet Pro M404 · 01,ASSIGNED,CAT-PRINT,MOD-PRINT-01,DEMO-SN-00046,HQ-IT,HR,b75a85d0-d96e-5e06-bc75-26c59ce36fe2,VEN-IT,2027-10-07,35000,2023-10-23,DEP-IT,Fictional demo asset for Evergreen Industries. IT and non-IT lifecycle illustration; no purchase order or procurement data.,2026-10-02T09:01:13+00:00,6b7a1e85-ccc2-5b38-9f94-9830c8f3f08a,,,,
2023-10-23T08:00:00+00:00,2026-10-07T06:01:13+00:00,ec021f7d-8b8e-58a3-aabd-d8145e569e00,AST-0058,PowerEdge R350 · 03,ASSIGNED,CAT-SRV,MOD-SRV-01,DEMO-SN-00058,HQ-SERVER,WAREHOUSE,0027699e-67dd-5d81-858d-8036e71b2552,VEN-IT,2026-10-19,252000,2023-10-23,DEP-NET,Fictional demo asset for Evergreen Industries. IT and non-IT lifecycle illustration; no purchase order or procurement data.,2026-10-01T21:01:13+00:00,6b7a1e85-ccc2-5b38-9f94-9830c8f3f08a,2026-10-25,90,,
2023-07-25T08:00:00+00:00,2026-10-07T06:01:13+00:00,4846ec21-dd40-512b-8710-f5a3548c91de,AST-0011,Latitude 5450 · 11,ASSIGNED,CAT-LAP,MOD-LAP-01,DEMO-SN-00011,PUN-DISPATCH,MAINTENANCE,3669fd23-1873-5f1d-8cba-b2e0d79594e4,VEN-IT,2026-11-01,76000,2023-07-25,DEP-IT,Fictional demo asset for Evergreen Industries. IT and non-IT lifecycle illustration; no purchase order or procurement data.,2026-10-03T20:01:13+00:00,6b7a1e85-ccc2-5b38-9f94-9830c8f3f08a,2026-10-12,90,,
2023-07-25T08:00:00+00:00,2026-10-07T06:01:13+00:00,09e30315-007f-540f-b70b-14cb0786a41b,AST-0023,Latitude 5450 · 23,IN_STOCK,CAT-LAP,MOD-LAP-01,DEMO-SN-00023,BLR-STORE,OPERATIONS,,VEN-IT,2028-10-06,76000,2023-07-25,DEP-IT,Fictional demo asset for Evergreen Industries. IT and non-IT lifecycle illustration; no purchase order or procurement data.,2026-10-03T08:01:13+00:00,6b7a1e85-ccc2-5b38-9f94-9830c8f3f08a,,,,
2023-07-25T08:00:00+00:00,2026-10-07T06:01:13+00:00,840a9f69-93a2-5774-96dd-95e66f0d543a,AST-0035,P2425H display · 02,ASSIGNED,CAT-MON,MOD-MON-01,DEMO-SN-00035,HQ-IT,IT,178b43e4-e90c-5d29-8744-9043c4193b85,VEN-IT,2026-11-01,15000,2023-07-25,DEP-IT,Fictional demo asset for Evergreen Industries. IT and non-IT lifecycle illustration; no purchase order or procurement data.,2026-10-02T20:01:13+00:00,6b7a1e85-ccc2-5b38-9f94-9830c8f3f08a,,,,
2023-07-25T08:00:00+00:00,2026-10-07T06:01:13+00:00,2c5e316b-eb3b-5c39-9d00-da3c8cad2ad7,AST-0047,LaserJet Pro M404 · 02,ASSIGNED,CAT-PRINT,MOD-PRINT-01,DEMO-SN-00047,BLR-OFFICE,OPERATIONS,76d32e51-31af-5b29-83e3-ec6d98589003,VEN-IT,2028-10-06,36000,2023-07-25,DEP-IT,Fictional demo asset for Evergreen Industries. IT and non-IT lifecycle illustration; no purchase order or procurement data.,2026-10-02T08:01:13+00:00,6b7a1e85-ccc2-5b38-9f94-9830c8f3f08a,,,,
2023-07-25T08:00:00+00:00,2026-10-07T06:01:13+00:00,84f3d96f-6c5a-5c29-aa94-70dcf7641340,AST-0059,Galaxy A55 · 01,ASSIGNED,CAT-PHONE,MOD-PHONE-01,DEMO-SN-00059,BLR-OFFICE,OPERATIONS,df0089a5-d68f-5d2b-adc8-68bb2b7babae,VEN-IT,2026-11-01,24000,2023-07-25,DEP-IT,Fictional demo asset for Evergreen Industries. IT and non-IT lifecycle illustration; no purchase order or procurement data.,2026-10-01T20:01:13+00:00,6b7a1e85-ccc2-5b38-9f94-9830c8f3f08a,,,,
2023-07-25T08:00:00+00:00,2026-10-07T06:01:13+00:00,2cfd35df-3789-5912-807d-ba2ee848c0bb,AST-0071,2 ton split air conditioner · 05,ACTIVE,CAT-HVAC,MOD-HVAC-01,DEMO-SN-00071,BLR-LINE1,MAINTENANCE,,VEN-HVAC,2028-10-06,63000,2023-07-25,DEP-HVAC,Fictional demo asset for Evergreen Industries. IT and non-IT lifecycle illustration; no purchase order or procurement data.,2026-10-01T08:01:13+00:00,6b7a1e85-ccc2-5b38-9f94-9830c8f3f08a,2026-11-07,30,,
