created_at,updated_at,id,code,name,status,domain,depreciation_code,sla_code
2026-10-06T07:01:13+00:00,2026-10-07T06:01:13+00:00,3b9b86e9-4413-5408-b7b6-396c83d85ffe,CAT-LAP,Laptops,ACTIVE,IT,DEP-IT,SLA-P3
2026-10-06T07:01:13+00:00,2026-10-07T06:01:13+00:00,34c2e7ad-6e17-5ccd-bbc5-b3e2529163c5,CAT-DESK,Desktop computers,ACTIVE,IT,DEP-IT,SLA-P3
2026-10-06T07:01:13+00:00,2026-10-07T06:01:13+00:00,9fda886d-6726-5d6a-bb22-ccc3a3596baa,CAT-MON,Monitors,ACTIVE,IT,DEP-IT,SLA-P3
2026-10-06T07:01:13+00:00,2026-10-07T06:01:13+00:00,edbe736e-684a-5438-ae6d-aa99c49d3936,CAT-PRINT,Printers,ACTIVE,IT,DEP-IT,SLA-P3
2026-10-06T07:01:13+00:00,2026-10-07T06:01:13+00:00,9bd10e7b-ec8b-539a-989a-3f872fa23ab9,CAT-NET,Network equipment,ACTIVE,IT,DEP-NET,SLA-P3
2026-10-06T07:01:13+00:00,2026-10-07T06:01:13+00:00,01f395d9-155d-54bb-9fe8-d835dd9bf461,CAT-SRV,Servers,ACTIVE,IT,DEP-NET,SLA-P2
2026-10-06T07:01:13+00:00,2026-10-07T06:01:13+00:00,878aed98-b0df-5770-ac3d-be8fa0b6193d,CAT-PHONE,Mobile devices,ACTIVE,IT,DEP-IT,SLA-P3
2026-10-06T07:01:13+00:00,2026-10-07T06:01:13+00:00,32346da1-a72b-5fbe-b208-74eaaf12e88d,CAT-GEN,Generators,ACTIVE,NON_IT,DEP-EQP,SLA-P2
2026-10-06T07:01:13+00:00,2026-10-07T06:01:13+00:00,1e1205b6-cda9-545e-980d-0257f4152fb8,CAT-HVAC,HVAC systems,ACTIVE,NON_IT,DEP-HVAC,SLA-P3
2026-10-06T07:01:13+00:00,2026-10-07T06:01:13+00:00,cc6a50d9-09ce-5c1f-bd6f-c9c579f9b45f,CAT-VEH,Vehicles,ACTIVE,NON_IT,DEP-VEH,SLA-P3
2026-10-06T07:01:13+00:00,2026-10-07T06:01:13+00:00,4cc34454-455e-573e-8963-83d80de1e23e,CAT-FURN,Furniture,ACTIVE,NON_IT,DEP-FURN,SLA-P3
2026-10-06T07:01:13+00:00,2026-10-07T06:01:13+00:00,aa3ddf95-617a-58d3-bb1e-504afeb58016,CAT-SAFE,Safety equipment,ACTIVE,NON_IT,DEP-EQP,SLA-P3
