code,name,body,category,status,id,created_at,updated_at
KB-001,Troubleshoot network connectivity,Check the cable or Wi-Fi connection. Restart the network adapter. Confirm whether other devices are affected. Record the error and escalate to IT support if connectivity is not restored.,Network,ACTIVE,802a577f-a69a-437e-b2df-adc8a6319d86,2026-10-06T07:01:13+00:00,2026-10-07T06:01:13+00:00
KB-002,Device will not power on,Check the approved power adapter and socket. Disconnect peripherals and retry. Do not open equipment under warranty; contact the authorized service provider.,Hardware,ACTIVE,87c15531-0c0a-4786-8333-5916465a6021,2026-10-06T07:01:13+00:00,2026-10-07T06:01:13+00:00
KB-003,Preventive maintenance essentials,"Use the approved checklist, isolate equipment safely, record readings, and document issues before closing the work order.",Facilities,ACTIVE,acdfb701-9ab4-4da9-8243-b87eb2c2a350,2026-10-06T07:01:13+00:00,2026-10-07T06:01:13+00:00
KB-004,Printer paper jams,Pause printing. Follow the manufacturer guide to remove paper safely. Inspect paper size and tray settings; record any repeated error.,Hardware,ACTIVE,57f94642-3f68-568a-8246-0471df774c31,2026-10-06T07:01:13+00:00,2026-10-07T06:01:13+00:00
KB-005,Request application access,Raise a service request with application and business justification. Obtain the designated approver’s authorization before provisioning access.,Software,ACTIVE,439bf041-279c-5b07-beec-7dae40b346bf,2026-10-06T07:01:13+00:00,2026-10-07T06:01:13+00:00
KB-006,Password and account support,Use the account password-change feature. Never share passwords in a ticket. Contact the administrator if the account is blocked.,Software,ACTIVE,76f740b6-4b27-55a6-a98c-2f23e6767883,2026-10-06T07:01:13+00:00,2026-10-07T06:01:13+00:00
KB-007,HVAC low cooling checks,Confirm permitted thermostat settings and inspect filter condition. A trained technician must perform electrical or refrigerant checks.,Facilities,ACTIVE,78a34ea2-7624-536f-8d2e-beca581a9722,2026-10-06T07:01:13+00:00,2026-10-07T06:01:13+00:00
KB-008,Generator recurring alarms,Record the alarm code and conditions. Follow site safety procedures and notify the authorized maintenance team. Do not bypass safety interlocks.,Facilities,ACTIVE,7c1d006a-ab72-5a64-b32d-b1bf32f39aec,2026-10-06T07:01:13+00:00,2026-10-07T06:01:13+00:00
KB-009,Returning an assigned asset,"Raise an asset return request, record serial and condition, and arrange a documented handover with the asset manager.",Hardware,ACTIVE,a9084f5f-88b3-5004-86d5-96004ab822c5,2026-10-06T07:01:13+00:00,2026-10-07T06:01:13+00:00
KB-010,Asset retirement and disposal,Document the end-of-life reason and obtain approval from another authorized reviewer. Confirm data sanitization and finance closure before disposal.,Facilities,ACTIVE,aa6b1a96-3cd1-5100-bc9d-0cd70b8a98ce,2026-10-06T07:01:13+00:00,2026-10-07T06:01:13+00:00
