created_at,updated_at,id,code,name,status,type,parent_location_code
2026-10-06T07:01:13+00:00,2026-10-07T06:01:13+00:00,f3d4af97-a8ce-59b1-848d-a0269a874bed,HQ,Hyderabad headquarters,ACTIVE,SITE,
2026-10-06T07:01:13+00:00,2026-10-07T06:01:13+00:00,6b65367a-8e86-507d-bc4f-91aa8a522bb7,HQ-ADMIN,Headquarters administration block,ACTIVE,BUILDING,HQ
2026-10-06T07:01:13+00:00,2026-10-07T06:01:13+00:00,1bc933ea-b870-5e72-b05a-db30cc57571e,HQ-F1,Headquarters first floor,ACTIVE,FLOOR,HQ-ADMIN
2026-10-06T07:01:13+00:00,2026-10-07T06:01:13+00:00,54b71612-4903-5913-8a64-4a0313d939d1,HQ-IT,IT workspace,ACTIVE,ROOM,HQ-F1
2026-10-06T07:01:13+00:00,2026-10-07T06:01:13+00:00,6df2e5ae-73c7-54a1-834f-d9e03f41b457,HQ-OPS,Operations office,ACTIVE,ROOM,HQ-F1
2026-10-06T07:01:13+00:00,2026-10-07T06:01:13+00:00,2ffd003b-90b5-583d-b7b2-813851a45bab,HQ-FIN,Finance office,ACTIVE,ROOM,HQ-F1
2026-10-06T07:01:13+00:00,2026-10-07T06:01:13+00:00,7c03eaec-5236-5435-98e1-a719a0adb097,HQ-STORE,Headquarters asset store,ACTIVE,STORE,HQ-F1
2026-10-06T07:01:13+00:00,2026-10-07T06:01:13+00:00,b5fc5943-35a0-5f10-943d-7a2983278ee6,HQ-SERVER,Server room,ACTIVE,ROOM,HQ-F1
2026-10-06T07:01:13+00:00,2026-10-07T06:01:13+00:00,22b5c6a1-8efc-529c-ade9-6ba4402f93e4,HQ-MEET,Conference room,ACTIVE,ROOM,HQ-F1
2026-10-06T07:01:13+00:00,2026-10-07T06:01:13+00:00,3f5158ba-b6ce-5ffb-a403-3809473e0bcd,HQ-F2,Headquarters second floor,ACTIVE,FLOOR,HQ-ADMIN
2026-10-06T07:01:13+00:00,2026-10-07T06:01:13+00:00,1cc10abe-5026-57b1-939a-b53aa8efad97,HQ-HR,People operations,ACTIVE,ROOM,HQ-F2
2026-10-06T07:01:13+00:00,2026-10-07T06:01:13+00:00,a2867c77-fa4d-5322-839b-85886f4e1945,HQ-COMMON,Shared facilities,ACTIVE,ROOM,HQ-F2
2026-10-06T07:01:13+00:00,2026-10-07T06:01:13+00:00,e3ca526a-dae8-52fd-915a-a24b16037ff2,BLR,Bengaluru production plant,ACTIVE,SITE,
2026-10-06T07:01:13+00:00,2026-10-07T06:01:13+00:00,c616119a-a413-5e24-bac3-aa004695742c,BLR-WORKS,Production building,ACTIVE,BUILDING,BLR
2026-10-06T07:01:13+00:00,2026-10-07T06:01:13+00:00,1323f4da-af55-5af2-9f89-3f4bf8d04044,BLR-GF,Plant ground floor,ACTIVE,FLOOR,BLR-WORKS
2026-10-06T07:01:13+00:00,2026-10-07T06:01:13+00:00,18a54636-9332-579a-b32d-706b077b6290,BLR-LINE1,Production line one,ACTIVE,ROOM,BLR-GF
2026-10-06T07:01:13+00:00,2026-10-07T06:01:13+00:00,14c23779-4e2f-54e4-874b-41f3ad87fe8c,BLR-LINE2,Production line two,ACTIVE,ROOM,BLR-GF
2026-10-06T07:01:13+00:00,2026-10-07T06:01:13+00:00,32538b44-2d7d-56c3-83e5-d55b54133d0d,BLR-UTIL,Utilities room,ACTIVE,ROOM,BLR-GF
2026-10-06T07:01:13+00:00,2026-10-07T06:01:13+00:00,27bd99ca-791d-5c0f-a0d5-01cbc37107d0,BLR-STORE,Plant asset store,ACTIVE,STORE,BLR-GF
2026-10-06T07:01:13+00:00,2026-10-07T06:01:13+00:00,41711f78-b314-5e90-b53d-ec060c2e3548,BLR-OFFICE,Plant office,ACTIVE,ROOM,BLR-GF
2026-10-06T07:01:13+00:00,2026-10-07T06:01:13+00:00,8f8d8a95-6bdf-5056-b66b-d4e9cede2982,PUN,Pune distribution center,ACTIVE,SITE,
2026-10-06T07:01:13+00:00,2026-10-07T06:01:13+00:00,ded49bf5-1e0a-50fc-bb37-2104d0922425,PUN-WH,Warehouse building,ACTIVE,BUILDING,PUN
2026-10-06T07:01:13+00:00,2026-10-07T06:01:13+00:00,633b8ab0-bd16-51d1-a1b3-34d0eee373b4,PUN-GF,Warehouse ground floor,ACTIVE,FLOOR,PUN-WH
2026-10-06T07:01:13+00:00,2026-10-07T06:01:13+00:00,c9302674-6564-5396-bfa8-0e22d2e15634,PUN-STORAGE,Storage area,ACTIVE,ROOM,PUN-GF
2026-10-06T07:01:13+00:00,2026-10-07T06:01:13+00:00,38d00226-92b5-5727-a53f-26393e615ae4,PUN-DISPATCH,Dispatch office,ACTIVE,ROOM,PUN-GF
2026-10-06T07:01:13+00:00,2026-10-07T06:01:13+00:00,5c26bbfe-85b0-5e98-b37a-5c5bcd79af83,PUN-STORE,Warehouse asset store,ACTIVE,STORE,PUN-GF
