created_at,updated_at,id,code,name,status,manufacturer,category_code,warranty_months
2026-10-06T07:01:13+00:00,2026-10-07T06:01:13+00:00,834f8d8f-6c44-5a15-ba7c-c359c54c1a93,MOD-LAP-01,Latitude 5450,ACTIVE,Dell,CAT-LAP,36
2026-10-06T07:01:13+00:00,2026-10-07T06:01:13+00:00,532552b0-ae9a-52f3-b7ae-d379fa846db5,MOD-LAP-02,ThinkPad T14,ACTIVE,Lenovo,CAT-LAP,36
2026-10-06T07:01:13+00:00,2026-10-07T06:01:13+00:00,8fda54ac-9fb4-519b-8df7-b68ae28b5dc1,MOD-DESK-01,OptiPlex 7020,ACTIVE,Dell,CAT-DESK,36
2026-10-06T07:01:13+00:00,2026-10-07T06:01:13+00:00,fb26be02-f4db-51e3-b9a8-dc544e68b414,MOD-DESK-02,ThinkCentre M70,ACTIVE,Lenovo,CAT-DESK,36
2026-10-06T07:01:13+00:00,2026-10-07T06:01:13+00:00,d1b8da61-00b4-5a67-8857-5453fb021e3a,MOD-MON-01,P2425H display,ACTIVE,Dell,CAT-MON,36
2026-10-06T07:01:13+00:00,2026-10-07T06:01:13+00:00,8381b94e-baf3-5bac-bf88-71589a2a6070,MOD-PRINT-01,LaserJet Pro M404,ACTIVE,HP,CAT-PRINT,24
2026-10-06T07:01:13+00:00,2026-10-07T06:01:13+00:00,ea784118-bf12-5570-a3f7-69e00e7bec5c,MOD-NET-01,Catalyst access switch,ACTIVE,Cisco,CAT-NET,36
2026-10-06T07:01:13+00:00,2026-10-07T06:01:13+00:00,f05730a6-8211-5b2e-aee1-b1f3167d1fdd,MOD-NET-02,Aruba access point,ACTIVE,HPE,CAT-NET,36
2026-10-06T07:01:13+00:00,2026-10-07T06:01:13+00:00,2c5188db-c8a2-5891-9fca-ee27af3756f6,MOD-SRV-01,PowerEdge R350,ACTIVE,Dell,CAT-SRV,60
2026-10-06T07:01:13+00:00,2026-10-07T06:01:13+00:00,d50dedce-1747-54d6-8c21-ede0564f3a47,MOD-PHONE-01,Galaxy A55,ACTIVE,Samsung,CAT-PHONE,24
2026-10-06T07:01:13+00:00,2026-10-07T06:01:13+00:00,fe9eae1c-2850-5e28-945d-032d3eb6e0f9,MOD-GEN-01,62.5 kVA standby set,ACTIVE,Demo Power Systems,CAT-GEN,24
2026-10-06T07:01:13+00:00,2026-10-07T06:01:13+00:00,cff40132-3b2f-5211-bb8a-2fd09f6eee37,MOD-GEN-02,125 kVA standby set,ACTIVE,Demo Power Systems,CAT-GEN,24
2026-10-06T07:01:13+00:00,2026-10-07T06:01:13+00:00,ad323539-54c6-5e37-b143-7bc289f0fac9,MOD-HVAC-01,2 ton split air conditioner,ACTIVE,Demo Climate Systems,CAT-HVAC,24
2026-10-06T07:01:13+00:00,2026-10-07T06:01:13+00:00,19d3db7a-e228-5b5d-815a-91e3890fc301,MOD-HVAC-02,Packaged air handling unit,ACTIVE,Demo Climate Systems,CAT-HVAC,36
2026-10-06T07:01:13+00:00,2026-10-07T06:01:13+00:00,da821751-976d-5649-9c29-f681bf366fb6,MOD-VEH-01,Utility delivery van,ACTIVE,Demo Fleet Motors,CAT-VEH,36
2026-10-06T07:01:13+00:00,2026-10-07T06:01:13+00:00,b2715b2e-797b-5051-ad34-4291e9942afd,MOD-FURN-01,Ergonomic workstation,ACTIVE,Demo Workspace Furnishings,CAT-FURN,12
2026-10-06T07:01:13+00:00,2026-10-07T06:01:13+00:00,1031d34d-8ed0-549b-8d1f-aff8110eaac2,MOD-FURN-02,Storage cabinet,ACTIVE,Demo Workspace Furnishings,CAT-FURN,12
2026-10-06T07:01:13+00:00,2026-10-07T06:01:13+00:00,39ec2d49-35a1-5a95-afda-b77e170da557,MOD-SAFE-01,ABC fire extinguisher,ACTIVE,Demo Safety Systems,CAT-SAFE,12
