name,body,target,status,channel,recipient_id,id,code,dedupe,created_at,updated_at
Recurring issue candidate,AST-0056 has 3 active incidents. Review root cause.,997a51d5-1943-5ea2-978a-84ab858a589f,UNREAD,In-app,,0c250541-93b3-4536-9f4e-5ee0081fc963,NOT-3098D3,recurring:997a51d5-1943-5ea2-978a-84ab858a589f,2026-10-07T07:01:15.825278+00:00,2026-10-07T07:01:15.825312+00:00
Recurring issue candidate,AST-0003 has 8 active incidents. Review root cause.,63caf73f-2bd0-589f-8f09-fc5365c91c63,UNREAD,In-app,,1fd0639d-b8f7-41bd-aa66-e5a50a7be55d,NOT-B21CDB,recurring:63caf73f-2bd0-589f-8f09-fc5365c91c63,2026-10-07T07:01:15.813530+00:00,2026-10-07T07:01:15.813569+00:00
Recurring issue candidate,AST-0073 has 3 active incidents. Review root cause.,91d0853f-a9fe-5372-8073-9fbf02324965,UNREAD,In-app,,d6b017ed-4460-4018-9105-a44273e87337,NOT-DFC78A,recurring:91d0853f-a9fe-5372-8073-9fbf02324965,2026-10-07T07:01:15.810115+00:00,2026-10-07T07:01:15.810159+00:00
SLA breached,TKT-0024 requires escalation,19748d1f-6125-52ec-ae8c-4c85d9a25e29,UNREAD,In-app,,268ad8c5-5496-4010-a52f-036a28f53814,NOT-571491,breach:19748d1f-6125-52ec-ae8c-4c85d9a25e29,2026-10-07T07:01:15.804539+00:00,2026-10-07T07:01:15.804567+00:00
SLA breached,TKT-0019 requires escalation,b0b62583-75cc-5965-971d-76f23d89148e,UNREAD,In-app,,af1db878-6cb6-4a32-b9cd-78f9605e3d02,NOT-A7CC92,breach:b0b62583-75cc-5965-971d-76f23d89148e,2026-10-07T07:01:15.804399+00:00,2026-10-07T07:01:15.804426+00:00
SLA breached,TKT-0014 requires escalation,9cd8d3bd-9036-567d-9fd1-21da0f787a18,UNREAD,In-app,,36813bd2-ad0b-4f99-a222-8d4ae609f2c9,NOT-ED4DA2,breach:9cd8d3bd-9036-567d-9fd1-21da0f787a18,2026-10-07T07:01:15.804242+00:00,2026-10-07T07:01:15.804283+00:00
SLA breached,TKT-0009 requires escalation,59d64682-401e-5282-a4ca-26562abff715,UNREAD,In-app,,24224901-32d0-4ea0-b440-3d0048eb0f77,NOT-0342F9,breach:59d64682-401e-5282-a4ca-26562abff715,2026-10-07T07:01:15.804058+00:00,2026-10-07T07:01:15.804086+00:00
SLA breached,TKT-0004 requires escalation,920a3727-cdfc-52f2-966b-4d42f883c625,UNREAD,In-app,,018d17b9-5e3f-40bc-b12e-94f68a930e12,NOT-FA4F0D,breach:920a3727-cdfc-52f2-966b-4d42f883c625,2026-10-07T07:01:15.803897+00:00,2026-10-07T07:01:15.803934+00:00
SLA breached,TKT-0023 requires escalation,5dd99d92-9e86-5a14-846b-6d283e12c50c,UNREAD,In-app,,b15841f3-f0c9-4a90-991d-c1eb5cad028d,NOT-67821B,breach:5dd99d92-9e86-5a14-846b-6d283e12c50c,2026-10-07T07:01:15.803577+00:00,2026-10-07T07:01:15.803602+00:00
SLA breached,TKT-0013 requires escalation,4291282d-ffa2-55b6-90f6-aa3ad55529df,UNREAD,In-app,,1045cbe9-bcf9-490e-9fb8-fa327d344c9a,NOT-B7C6E1,breach:4291282d-ffa2-55b6-90f6-aa3ad55529df,2026-10-07T07:01:15.803380+00:00,2026-10-07T07:01:15.803405+00:00
SLA breached,TKT-0008 requires escalation,707b2de8-42e7-5c9a-a2e9-7abbb8e906d2,UNREAD,In-app,,14462e85-9065-427f-9e6f-e73413694991,NOT-7FB0A4,breach:707b2de8-42e7-5c9a-a2e9-7abbb8e906d2,2026-10-07T07:01:15.803245+00:00,2026-10-07T07:01:15.803272+00:00
SLA at risk,TKT-0002 is approaching its resolution deadline,9da66046-3821-5288-aeea-50351b691c84,UNREAD,In-app,,ec6c283c-a7be-4de4-a745-d27a7fa30436,NOT-656CA2,risk:9da66046-3821-5288-aeea-50351b691c84,2026-10-07T07:01:15.803095+00:00,2026-10-07T07:01:15.803132+00:00
SLA breached,TKT-0012 requires escalation,418b745f-f2c3-596e-9f7b-0ce9a1e18709,UNREAD,In-app,,1565d23f-4a83-491a-9bbf-2e90d0b8c62f,NOT-22EF6C,breach:418b745f-f2c3-596e-9f7b-0ce9a1e18709,2026-10-07T07:01:15.802778+00:00,2026-10-07T07:01:15.802806+00:00
SLA breached,TKT-0036 requires escalation,35ab41a5-14ef-5221-b43b-d9a721d46df4,UNREAD,In-app,,d7dee1c1-7723-42e0-b291-dfd71cb87886,NOT-B82228,breach:35ab41a5-14ef-5221-b43b-d9a721d46df4,2026-10-07T07:01:15.802566+00:00,2026-10-07T07:01:15.802598+00:00
SLA breached,TKT-0016 requires escalation,2d414318-c096-5978-a69d-8d3d930ece7c,UNREAD,In-app,,b256b6e8-94ac-45fd-ac28-660f585e133b,NOT-4C0703,breach:2d414318-c096-5978-a69d-8d3d930ece7c,2026-10-07T07:01:15.802267+00:00,2026-10-07T07:01:15.802306+00:00
Warranty needs attention,AST-0059 · warranty expires in 25 days,84f3d96f-6c5a-5c29-aa94-70dcf7641340,UNREAD,In-app,,436da4fd-9f5c-4b8b-ab71-b2a08340ba66,NOT-B0A1D0,warranty:84f3d96f-6c5a-5c29-aa94-70dcf7641340:2026-11-01,2026-10-07T07:01:15.800709+00:00,2026-10-07T07:01:15.800742+00:00
Warranty needs attention,AST-0035 · warranty expires in 25 days,840a9f69-93a2-5774-96dd-95e66f0d543a,UNREAD,In-app,,2827ee9e-80ac-4f23-b767-1e1da430799b,NOT-FE06C7,warranty:840a9f69-93a2-5774-96dd-95e66f0d543a:2026-11-01,2026-10-07T07:01:15.800435+00:00,2026-10-07T07:01:15.800464+00:00
Warranty needs attention,AST-0011 · warranty expires in 25 days,4846ec21-dd40-512b-8710-f5a3548c91de,UNREAD,In-app,,547d2619-f044-4a09-b2b3-427adbcf03ef,NOT-5BFF05,warranty:4846ec21-dd40-512b-8710-f5a3548c91de:2026-11-01,2026-10-07T07:01:15.800157+00:00,2026-10-07T07:01:15.800191+00:00
Warranty needs attention,AST-0058 · warranty expires in 12 days,ec021f7d-8b8e-58a3-aabd-d8145e569e00,UNREAD,In-app,,1a2d4c25-e7ba-4ad6-82a3-8138bc95f6fe,NOT-9C5BFF,warranty:ec021f7d-8b8e-58a3-aabd-d8145e569e00:2026-10-19,2026-10-07T07:01:15.799895+00:00,2026-10-07T07:01:15.799939+00:00
Warranty needs attention,AST-0034 · warranty expires in 12 days,dd408be9-1b8b-5fdf-9d35-92d96e30304e,UNREAD,In-app,,1e444a67-b71c-4674-bf81-e53c9edd5ea2,NOT-E61567,warranty:dd408be9-1b8b-5fdf-9d35-92d96e30304e:2026-10-19,2026-10-07T07:01:15.799592+00:00,2026-10-07T07:01:15.799623+00:00
Warranty needs attention,AST-0010 · warranty expires in 12 days,b2b74f9a-26c3-5c7d-82be-3a0ff3f01a1d,UNREAD,In-app,,a12371e0-16cb-4325-8405-32d7da7dd873,NOT-58D70B,warranty:b2b74f9a-26c3-5c7d-82be-3a0ff3f01a1d:2026-10-19,2026-10-07T07:01:15.799317+00:00,2026-10-07T07:01:15.799348+00:00
Warranty needs attention,AST-0057 · warranty expires in 5 days,9c776a2b-00a7-546f-b0f1-855857de9d83,UNREAD,In-app,,f97c1f0d-3c7d-49ec-a0a3-c7acc002879d,NOT-0AA0FE,warranty:9c776a2b-00a7-546f-b0f1-855857de9d83:2026-10-12,2026-10-07T07:01:15.799041+00:00,2026-10-07T07:01:15.799071+00:00
Warranty needs attention,AST-0033 · warranty expires in 5 days,523a706d-e76a-557f-88ba-6dde3d3867a7,UNREAD,In-app,,53bc17c8-7b2d-43c4-9e25-05c2d2d823f7,NOT-EA83BB,warranty:523a706d-e76a-557f-88ba-6dde3d3867a7:2026-10-12,2026-10-07T07:01:15.798726+00:00,2026-10-07T07:01:15.798768+00:00
Warranty needs attention,AST-0009 · warranty expires in 5 days,73d873d9-0307-5636-80a5-fc1ea9095ed7,UNREAD,In-app,,608a18d0-c042-43fb-a6ad-86b1516b7e69,NOT-E52C84,warranty:73d873d9-0307-5636-80a5-fc1ea9095ed7:2026-10-12,2026-10-07T07:01:15.798420+00:00,2026-10-07T07:01:15.798466+00:00
Warranty needs attention,AST-0056 · warranty expired,997a51d5-1943-5ea2-978a-84ab858a589f,UNREAD,In-app,,69178191-f1b4-40f7-a572-a0217634185b,NOT-19638F,warranty:997a51d5-1943-5ea2-978a-84ab858a589f:2026-07-09,2026-10-07T07:01:15.797733+00:00,2026-10-07T07:01:15.797766+00:00
Warranty needs attention,AST-0032 · warranty expired,1091c9b5-9ec3-5094-a692-6759cd5899fe,UNREAD,In-app,,beb25c45-2adb-4a09-94d3-1f1e224a66c8,NOT-A29F21,warranty:1091c9b5-9ec3-5094-a692-6759cd5899fe:2026-07-09,2026-10-07T07:01:15.797466+00:00,2026-10-07T07:01:15.797501+00:00
Warranty needs attention,AST-0008 · warranty expired,a03e9912-e319-5717-b76d-461620026f1b,UNREAD,In-app,,ca4f8917-0e83-4a4d-9b60-3c1528d7975e,NOT-634460,warranty:a03e9912-e319-5717-b76d-461620026f1b:2026-07-09,2026-10-07T07:01:15.796935+00:00,2026-10-07T07:01:15.796973+00:00
Warranty needs attention,AST-0067 · warranty expires in 25 days,d588ebe0-76c8-58b6-85f9-bc590c89f778,UNREAD,In-app,,e692e683-0b65-4a4d-8f08-aee898d7ad2e,NOT-E33797,warranty:d588ebe0-76c8-58b6-85f9-bc590c89f778:2026-11-01,2026-10-07T07:01:15.796670+00:00,2026-10-07T07:01:15.796708+00:00
Warranty needs attention,AST-0043 · warranty expires in 25 days,0731814a-80b0-5bfa-b40d-3efd599d0dbd,UNREAD,In-app,,993efd4e-053d-491b-84b2-c7d5838e0c72,NOT-5FFEF2,warranty:0731814a-80b0-5bfa-b40d-3efd599d0dbd:2026-11-01,2026-10-07T07:01:15.796093+00:00,2026-10-07T07:01:15.796189+00:00
Warranty needs attention,AST-0066 · warranty expires in 12 days,4bd11dee-c8f5-5bdd-a439-0f422ddefdd5,UNREAD,In-app,,49dda1fa-7650-4cd0-88b1-12b5bd226afc,NOT-6EE0DA,warranty:4bd11dee-c8f5-5bdd-a439-0f422ddefdd5:2026-10-19,2026-10-07T07:01:15.795349+00:00,2026-10-07T07:01:15.795384+00:00
Warranty needs attention,AST-0042 · warranty expires in 12 days,e076cea0-ba61-51ce-8aba-0a72ac8934f0,UNREAD,In-app,,85e58608-176c-4ecf-af61-8f075178fef3,NOT-84C2B7,warranty:e076cea0-ba61-51ce-8aba-0a72ac8934f0:2026-10-19,2026-10-07T07:01:15.794953+00:00,2026-10-07T07:01:15.795100+00:00
Warranty needs attention,AST-0018 · warranty expires in 12 days,d3c3e699-d522-58a0-a341-a8c3156f9a01,UNREAD,In-app,,654ea120-6d2f-429a-934c-b286ba4d29fd,NOT-A0FFB7,warranty:d3c3e699-d522-58a0-a341-a8c3156f9a01:2026-10-19,2026-10-07T07:01:15.794683+00:00,2026-10-07T07:01:15.794718+00:00
Warranty needs attention,AST-0065 · warranty expires in 5 days,eddf8a94-48e3-5ff2-b037-a73f54fecdc3,UNREAD,In-app,,0c351acf-3f4d-4c42-aeba-4fe83eed468a,NOT-A87E9B,warranty:eddf8a94-48e3-5ff2-b037-a73f54fecdc3:2026-10-12,2026-10-07T07:01:15.793966+00:00,2026-10-07T07:01:15.793995+00:00
Warranty needs attention,AST-0041 · warranty expires in 5 days,1fcd4405-fe59-5f3f-aa79-910984e89b8e,UNREAD,In-app,,5f900391-9572-48dc-822e-8a93b9866df3,NOT-36124B,warranty:1fcd4405-fe59-5f3f-aa79-910984e89b8e:2026-10-12,2026-10-07T07:01:15.793666+00:00,2026-10-07T07:01:15.793697+00:00
Warranty needs attention,AST-0017 · warranty expires in 5 days,8ec99e1f-ec44-5548-8807-6cd973df147b,UNREAD,In-app,,b15708e6-2a15-438c-ab4f-6994d389d5d3,NOT-241C1B,warranty:8ec99e1f-ec44-5548-8807-6cd973df147b:2026-10-12,2026-10-07T07:01:15.793382+00:00,2026-10-07T07:01:15.793413+00:00
Warranty needs attention,AST-0064 · warranty expired,f61d4fce-72b1-5851-85e1-a2c59af1754a,UNREAD,In-app,,55609343-dbcc-449a-a9ac-6e24ed6687b4,NOT-80D627,warranty:f61d4fce-72b1-5851-85e1-a2c59af1754a:2026-07-09,2026-10-07T07:01:15.793044+00:00,2026-10-07T07:01:15.793073+00:00
Warranty needs attention,AST-0040 · warranty expired,3f0a98b6-22b5-5442-83f2-ce57c60e6135,UNREAD,In-app,,5f92e141-60c2-4fed-8bac-0ca2be56f8fc,NOT-8CC637,warranty:3f0a98b6-22b5-5442-83f2-ce57c60e6135:2026-07-09,2026-10-07T07:01:15.792755+00:00,2026-10-07T07:01:15.792781+00:00
Warranty needs attention,AST-0016 · warranty expired,70cfc6be-91f9-5cba-b3b2-50bfa6e85732,UNREAD,In-app,,9b23b17c-7b6a-426d-8800-79068aaf8773,NOT-2FD545,warranty:70cfc6be-91f9-5cba-b3b2-50bfa6e85732:2026-07-09,2026-10-07T07:01:15.792490+00:00,2026-10-07T07:01:15.792521+00:00
Warranty needs attention,AST-0075 · warranty expires in 25 days,9f2aea1f-6145-5da3-9cb9-33ed340f54e5,UNREAD,In-app,,55e2e8a1-a7cc-4ba8-a170-a10b52debc72,NOT-548D93,warranty:9f2aea1f-6145-5da3-9cb9-33ed340f54e5:2026-11-01,2026-10-07T07:01:15.792200+00:00,2026-10-07T07:01:15.792236+00:00
Warranty needs attention,AST-0051 · warranty expires in 25 days,2437ab70-ba5f-5116-bf4b-855bfe126c82,UNREAD,In-app,,ae7a4e77-9de3-4001-9b64-a066240694e7,NOT-D24836,warranty:2437ab70-ba5f-5116-bf4b-855bfe126c82:2026-11-01,2026-10-07T07:01:15.791824+00:00,2026-10-07T07:01:15.791857+00:00
Warranty needs attention,AST-0027 · warranty expires in 25 days,54b08e49-e2e9-50ec-b5c0-860bbaaf99f3,UNREAD,In-app,,92451c86-78f1-4d56-876e-a34f091ebccf,NOT-C58DA0,warranty:54b08e49-e2e9-50ec-b5c0-860bbaaf99f3:2026-11-01,2026-10-07T07:01:15.791559+00:00,2026-10-07T07:01:15.791594+00:00
Warranty needs attention,AST-0003 · warranty expires in 25 days,63caf73f-2bd0-589f-8f09-fc5365c91c63,UNREAD,In-app,,01ccf7b1-72a7-4777-8024-47b8f3ddb416,NOT-8D96BD,warranty:63caf73f-2bd0-589f-8f09-fc5365c91c63:2026-11-01,2026-10-07T07:01:15.791313+00:00,2026-10-07T07:01:15.791336+00:00
Warranty needs attention,AST-0074 · warranty expires in 12 days,9e207797-9449-5d70-96f9-f53b93f9c394,UNREAD,In-app,,4624c90d-f1b2-405a-98d3-57be8e1b6937,NOT-890A16,warranty:9e207797-9449-5d70-96f9-f53b93f9c394:2026-10-19,2026-10-07T07:01:15.791134+00:00,2026-10-07T07:01:15.791162+00:00
Warranty needs attention,AST-0050 · warranty expires in 12 days,81e64736-b390-5fb7-9a7e-80a5ff19102e,UNREAD,In-app,,aebc1eb0-0800-4c86-8af4-ac15249299a7,NOT-5F2CC4,warranty:81e64736-b390-5fb7-9a7e-80a5ff19102e:2026-10-19,2026-10-07T07:01:15.790825+00:00,2026-10-07T07:01:15.790858+00:00
Warranty needs attention,AST-0026 · warranty expires in 12 days,270beb04-8ee4-5c39-94f8-1979e6c89388,UNREAD,In-app,,7a436f23-6eb4-4e48-8198-9463c18a1557,NOT-96E7F2,warranty:270beb04-8ee4-5c39-94f8-1979e6c89388:2026-10-19,2026-10-07T07:01:15.790578+00:00,2026-10-07T07:01:15.790602+00:00
Warranty needs attention,AST-0002 · warranty expires in 12 days,e0b2f529-88f2-56c0-8030-ec7a24957681,UNREAD,In-app,,ffd6ba3e-2450-458c-abf0-e7900601bc7f,NOT-16D047,warranty:e0b2f529-88f2-56c0-8030-ec7a24957681:2026-10-19,2026-10-07T07:01:15.790339+00:00,2026-10-07T07:01:15.790373+00:00
Warranty needs attention,AST-0073 · warranty expires in 5 days,91d0853f-a9fe-5372-8073-9fbf02324965,UNREAD,In-app,,03eb9b69-f289-4cef-8c7e-e8dd62ddff21,NOT-F0E9D1,warranty:91d0853f-a9fe-5372-8073-9fbf02324965:2026-10-12,2026-10-07T07:01:15.789759+00:00,2026-10-07T07:01:15.789785+00:00
Warranty needs attention,AST-0049 · warranty expires in 5 days,5998924f-20e6-5028-8635-e8732ca07fa9,UNREAD,In-app,,c34a4015-41ba-4660-b164-d7f5284fc08d,NOT-01D80E,warranty:5998924f-20e6-5028-8635-e8732ca07fa9:2026-10-12,2026-10-07T07:01:15.789539+00:00,2026-10-07T07:01:15.789563+00:00
Warranty needs attention,AST-0025 · warranty expires in 5 days,7f86c423-9621-5463-b205-e5faafced74f,UNREAD,In-app,,5dd07958-c95e-413f-9858-bac547236a0c,NOT-1520E1,warranty:7f86c423-9621-5463-b205-e5faafced74f:2026-10-12,2026-10-07T07:01:15.789296+00:00,2026-10-07T07:01:15.789331+00:00
Warranty needs attention,AST-0001 · warranty expires in 5 days,5e6b8fc7-b298-5695-a130-fc8b95398210,UNREAD,In-app,,f2ae0a40-c6d5-4782-9264-f7add02b95bc,NOT-8811E4,warranty:5e6b8fc7-b298-5695-a130-fc8b95398210:2026-10-12,2026-10-07T07:01:15.789056+00:00,2026-10-07T07:01:15.789082+00:00
Warranty needs attention,AST-0072 · warranty expired,4842d095-e66b-5d55-9833-6f33f242e884,UNREAD,In-app,,c3c1fb55-d51f-4cc0-bb1c-3023faf335c6,NOT-E14B70,warranty:4842d095-e66b-5d55-9833-6f33f242e884:2026-07-09,2026-10-07T07:01:15.788782+00:00,2026-10-07T07:01:15.788810+00:00
Warranty needs attention,AST-0048 · warranty expired,ec141f61-12ed-5c26-aa3b-a99609588651,UNREAD,In-app,,4a93de1a-d634-42a2-a9c7-70d0921e3aa0,NOT-8B3FB1,warranty:ec141f61-12ed-5c26-aa3b-a99609588651:2026-07-09,2026-10-07T07:01:15.788472+00:00,2026-10-07T07:01:15.788507+00:00
Warranty needs attention,AST-0024 · warranty expired,8ae3135f-c362-5532-92f5-e6088a2d9332,UNREAD,In-app,,6bc26605-698b-48a1-a039-0e05c9f61d09,NOT-622302,warranty:8ae3135f-c362-5532-92f5-e6088a2d9332:2026-07-09,2026-10-07T07:01:15.788088+00:00,2026-10-07T07:01:15.788181+00:00
Approval Requested,APP-003: Disposed · Ergonomic workstation · 03,2d95157f-a9d9-518d-aa25-06e70a3479a7,UNREAD,In-app,,ba2e35aa-f4dd-4782-8bfa-61c4c0ec3fd3,NOT-2ED974,,2026-10-07T07:01:15.782756+00:00,2026-10-07T07:01:15.782759+00:00
Approval Requested,APP-002: Retired · ThinkPad T14 · 12,1100217b-4a06-5591-83c3-80f5663258f1,UNREAD,In-app,,bba2b5a9-5c66-428f-aef6-db25b4ffa4fa,NOT-CB743B,,2026-10-07T07:01:15.782567+00:00,2026-10-07T07:01:15.782570+00:00
Approval Requested,APP-001: Transferred · Latitude 5450 · 05,55eef258-7292-56ab-8149-16586156a044,UNREAD,In-app,,3ca5c7b3-062a-40d0-9818-016581015120,NOT-7306AC,,2026-10-07T07:01:15.782395+00:00,2026-10-07T07:01:15.782397+00:00
Maintenance Completed,WO-0008: Network inspection · AST-0055,439483ad-6910-54b9-98f2-e9531aea3720,UNREAD,In-app,178b43e4-e90c-5d29-8744-9043c4193b85,bb6fd4c3-c7f9-4137-af1d-2b66af6f6578,NOT-788306,,2026-10-07T07:01:15.780275+00:00,2026-10-07T07:01:15.780277+00:00
Maintenance Completed,WO-0007: Fleet inspection · AST-0073,30e3d968-5a0b-51b2-925e-2bba37d7b5a2,UNREAD,In-app,3669fd23-1873-5f1d-8cba-b2e0d79594e4,7404cfc6-4bff-461e-8ec6-3cc1d915bd3a,NOT-546A76,,2026-10-07T07:01:15.780039+00:00,2026-10-07T07:01:15.780042+00:00
Maintenance Completed,WO-0006: HVAC service · AST-0068,75ee1c09-e475-5ece-8f03-27ea0ebd5690,UNREAD,In-app,62378329-5e5e-574e-8e3e-a5bcb3ac512a,4cb084ff-0b00-4228-bc4b-30f49fff32aa,NOT-3850AF,,2026-10-07T07:01:15.779805+00:00,2026-10-07T07:01:15.779807+00:00
Maintenance Completed,WO-0005: HVAC service · AST-0067,f7e594d8-d5c7-5f8c-9cec-feee186b5172,UNREAD,In-app,62378329-5e5e-574e-8e3e-a5bcb3ac512a,94db8531-862d-4e27-b715-c4dd2bab0257,NOT-6BE80B,,2026-10-07T07:01:15.779615+00:00,2026-10-07T07:01:15.779617+00:00
Maintenance Completed,WO-0004: Generator service · AST-0065,c414a70d-3030-5818-80cc-366b7d13e46a,UNREAD,In-app,6c7266b8-430b-5f5b-8241-23ef8680f97e,f8800ab1-6136-448e-9711-1451ac05a920,NOT-5A85B9,,2026-10-07T07:01:15.779428+00:00,2026-10-07T07:01:15.779430+00:00
Maintenance Completed,WO-0003: Generator service · AST-0064,7d2c701c-c7d4-503f-966d-d58d227c064a,UNREAD,In-app,6c7266b8-430b-5f5b-8241-23ef8680f97e,29417a6f-2922-44f5-b820-d51842bac7e1,NOT-A593D6,,2026-10-07T07:01:15.779234+00:00,2026-10-07T07:01:15.779236+00:00
Maintenance Completed,WO-0002: IT health check · AST-0049,39a2ccc2-97eb-5ac6-9020-8e7acf8f0955,UNREAD,In-app,178b43e4-e90c-5d29-8744-9043c4193b85,1431502b-ecdb-4688-877d-2d45976d26b5,NOT-548634,,2026-10-07T07:01:15.779028+00:00,2026-10-07T07:01:15.779030+00:00
Maintenance Completed,WO-0001: IT health check · AST-0003,d60bd35d-618f-59a1-a012-cfa9c56e6325,UNREAD,In-app,178b43e4-e90c-5d29-8744-9043c4193b85,3bea2975-2217-40be-9a63-2400e7cef530,NOT-195EEC,,2026-10-07T07:01:15.778797+00:00,2026-10-07T07:01:15.778800+00:00
Ticket Created,TKT-0036: Server backup warning · case 36,35ab41a5-14ef-5221-b43b-d9a721d46df4,UNREAD,In-app,9ec95ab0-ccc3-5ceb-9ce6-21cba2485add,7663e5f4-d4c1-4ad5-983e-0f150f898623,NOT-8214AB,,2026-10-07T07:01:15.778599+00:00,2026-10-07T07:01:15.778601+00:00
Ticket Created,TKT-0035: Fleet service inspection · case 35,6df318b5-42ea-5619-bedc-1bdfc3c41acc,UNREAD,In-app,5741fb77-54ec-57f6-8dd3-128a6f117eca,4d3b7c71-137b-44ad-8c2c-080b70e70fda,NOT-8D7C5A,,2026-10-07T07:01:15.778407+00:00,2026-10-07T07:01:15.778410+00:00
Ticket Created,TKT-0034: Device setup request · case 34,a51b07a4-24de-5ecd-8b91-d5838a65df91,UNREAD,In-app,76d32e51-31af-5b29-83e3-ec6d98589003,74340c06-5bcf-4b8d-9d45-9e316c59c59f,NOT-5813CA,,2026-10-07T07:01:15.778211+00:00,2026-10-07T07:01:15.778213+00:00
Ticket Created,TKT-0033: Application access request · case 33,01358f63-6493-5005-98c2-07c1db55cc6e,UNREAD,In-app,b75a85d0-d96e-5e06-bc75-26c59ce36fe2,749b736b-cd04-4b3c-be43-4a6ae3478852,NOT-5659D2,,2026-10-07T07:01:15.778024+00:00,2026-10-07T07:01:15.778026+00:00
Ticket Created,TKT-0032: Network switch intermittent link · case 32,e924a2b5-88c8-5e63-99f7-2a4bd62bd3f2,UNREAD,In-app,a4ca66e0-3f1d-587c-9422-ad9729e225cc,ec7a2e6a-c175-4e13-b6ba-1ecfdde3c86d,NOT-133F68,,2026-10-07T07:01:15.777806+00:00,2026-10-07T07:01:15.777808+00:00
Ticket Created,TKT-0031: Monitor display flickers · case 31,ffc9bc63-fa76-509d-a393-bbdbef63decf,UNREAD,In-app,3669fd23-1873-5f1d-8cba-b2e0d79594e4,3b2da16a-faea-4be8-8f13-65b31950ff0c,NOT-6EE304,,2026-10-07T07:01:15.777613+00:00,2026-10-07T07:01:15.777615+00:00
Ticket Created,TKT-0030: Air conditioning not cooling · case 30,80c287f3-3d46-5c98-a3e3-d6e4f2e67b69,UNREAD,In-app,40168aac-e72a-503d-9cf3-769834e90587,83e8135c-8757-4762-b9a0-fd5fe5d0b68c,NOT-719EA5,,2026-10-07T07:01:15.777426+00:00,2026-10-07T07:01:15.777429+00:00
Ticket Created,TKT-0029: Generator alarm during load test · case 29,35c0ecc1-30f2-5e75-a2c6-efe0225df6a7,UNREAD,In-app,85b22bcb-18f6-5bd5-b315-37313e4afd8f,3291ce90-7437-41a3-a5be-fdc582cd27d9,NOT-4BA2FC,,2026-10-07T07:01:15.777230+00:00,2026-10-07T07:01:15.777232+00:00
Ticket Created,TKT-0028: Printer paper jam · case 28,8d635fe1-98c1-5c03-8ab4-69996ef12645,UNREAD,In-app,cb814b3f-dfa2-5b13-8d18-71a468927448,cf7a8983-1071-452b-9613-8ec981eefba3,NOT-B8211B,,2026-10-07T07:01:15.777030+00:00,2026-10-07T07:01:15.777032+00:00
Ticket Created,TKT-0027: Laptop power failure recurred · case 27,b1bd99f3-d690-5a3a-a4e0-d3cfc52777e1,UNREAD,In-app,6b7a1e85-ccc2-5b38-9f94-9830c8f3f08a,795c2a0e-5ed7-49f7-b3ba-cfc4316f2620,NOT-01F030,,2026-10-07T07:01:15.776798+00:00,2026-10-07T07:01:15.776800+00:00
Ticket Created,TKT-0026: Laptop Wi-Fi disconnects repeatedly · case 26,c55bf2a5-88a4-5e66-902e-4a2ea239ff81,UNREAD,In-app,6b7a1e85-ccc2-5b38-9f94-9830c8f3f08a,5882df0f-7c03-442c-af06-3e3a07c9bd22,NOT-348F7D,,2026-10-07T07:01:15.776607+00:00,2026-10-07T07:01:15.776609+00:00
Ticket Created,TKT-0025: Laptop cannot boot · case 25,38557ddd-d966-5c9d-bcc5-c3cf204e143e,UNREAD,In-app,6b7a1e85-ccc2-5b38-9f94-9830c8f3f08a,9001efc7-6b56-4a5f-91bc-fa0ac4acdcc7,NOT-D473B3,,2026-10-07T07:01:15.776416+00:00,2026-10-07T07:01:15.776418+00:00
Ticket Created,TKT-0024: Server backup warning · case 24,19748d1f-6125-52ec-ae8c-4c85d9a25e29,UNREAD,In-app,a4ca66e0-3f1d-587c-9422-ad9729e225cc,585cbf44-5e2e-4084-af11-9d888a272a55,NOT-D303E2,,2026-10-07T07:01:15.776214+00:00,2026-10-07T07:01:15.776217+00:00
Ticket Created,TKT-0023: Fleet service inspection · case 23,5dd99d92-9e86-5a14-846b-6d283e12c50c,UNREAD,In-app,5741fb77-54ec-57f6-8dd3-128a6f117eca,9c7874d9-5d84-43d4-9dd6-7a3343e1d3de,NOT-2EE66D,,2026-10-07T07:01:15.775983+00:00,2026-10-07T07:01:15.775986+00:00
Ticket Created,TKT-0022: Device setup request · case 22,1d0c2fde-e19a-587c-bfb1-fa1d6416f688,UNREAD,In-app,76d32e51-31af-5b29-83e3-ec6d98589003,45f2cd7c-8005-41dc-8337-acddfcbfaeda,NOT-475FFA,,2026-10-07T07:01:15.775757+00:00,2026-10-07T07:01:15.775760+00:00
Ticket Created,TKT-0021: Application access request · case 21,84098532-a976-57e5-a247-4b4d46983c36,UNREAD,In-app,b75a85d0-d96e-5e06-bc75-26c59ce36fe2,bc8d1659-d94a-4408-a931-aea574800de3,NOT-906C73,,2026-10-07T07:01:15.775548+00:00,2026-10-07T07:01:15.775550+00:00
Ticket Created,TKT-0020: Network switch intermittent link · case 20,be44bee3-a0e3-509c-986e-12e03f7a72e5,UNREAD,In-app,a4ca66e0-3f1d-587c-9422-ad9729e225cc,d7ebb41f-2b88-49cc-96f7-8454cf5369d3,NOT-562EAC,,2026-10-07T07:01:15.775358+00:00,2026-10-07T07:01:15.775361+00:00
Ticket Created,TKT-0019: Monitor display flickers · case 19,b0b62583-75cc-5965-971d-76f23d89148e,UNREAD,In-app,3669fd23-1873-5f1d-8cba-b2e0d79594e4,311b3732-dcb8-4680-8b34-c5cd41db5244,NOT-E2D366,,2026-10-07T07:01:15.775133+00:00,2026-10-07T07:01:15.775135+00:00
Ticket Created,TKT-0018: Air conditioning not cooling · case 18,17e6d416-a1e3-55a5-9992-89d2308bf288,UNREAD,In-app,40168aac-e72a-503d-9cf3-769834e90587,28d572e8-61ee-4ced-9ea0-a884d00df513,NOT-703C91,,2026-10-07T07:01:15.774915+00:00,2026-10-07T07:01:15.774919+00:00
Ticket Created,TKT-0017: Generator alarm during load test · case 17,604f4f7c-e5b4-5263-9d67-6c3ddf80d660,UNREAD,In-app,85b22bcb-18f6-5bd5-b315-37313e4afd8f,f188c66b-47d3-4e39-b82b-0708e0f7b7ac,NOT-7FCDDC,,2026-10-07T07:01:15.774680+00:00,2026-10-07T07:01:15.774682+00:00
Ticket Created,TKT-0016: Printer paper jam · case 16,2d414318-c096-5978-a69d-8d3d930ece7c,UNREAD,In-app,cb814b3f-dfa2-5b13-8d18-71a468927448,ca625506-7c0b-4735-9af9-348ecc3c90fa,NOT-458A79,,2026-10-07T07:01:15.774485+00:00,2026-10-07T07:01:15.774487+00:00
Ticket Created,TKT-0015: Laptop power failure recurred · case 15,2638fae9-34c6-50b1-a8a1-9f3310031b78,UNREAD,In-app,6b7a1e85-ccc2-5b38-9f94-9830c8f3f08a,2f493cbe-cc1d-49ac-a58c-19607d54eb7a,NOT-08DF63,,2026-10-07T07:01:15.774263+00:00,2026-10-07T07:01:15.774265+00:00
Ticket Created,TKT-0014: Laptop Wi-Fi disconnects repeatedly · case 14,9cd8d3bd-9036-567d-9fd1-21da0f787a18,UNREAD,In-app,6b7a1e85-ccc2-5b38-9f94-9830c8f3f08a,d3eadc13-11d3-42ab-aebc-7f4b2809acef,NOT-1F45A6,,2026-10-07T07:01:15.774072+00:00,2026-10-07T07:01:15.774074+00:00
Ticket Created,TKT-0013: Laptop cannot boot · case 13,4291282d-ffa2-55b6-90f6-aa3ad55529df,UNREAD,In-app,6b7a1e85-ccc2-5b38-9f94-9830c8f3f08a,e9df3840-f2dc-4c0e-9f3d-0c7d04893f06,NOT-468BA6,,2026-10-07T07:01:15.773843+00:00,2026-10-07T07:01:15.773846+00:00
Ticket Created,TKT-0012: Server backup warning · case 12,418b745f-f2c3-596e-9f7b-0ce9a1e18709,UNREAD,In-app,0027699e-67dd-5d81-858d-8036e71b2552,dbe4c16f-1bee-4cf8-9be3-a6da09838799,NOT-A55055,,2026-10-07T07:01:15.773648+00:00,2026-10-07T07:01:15.773651+00:00
Ticket Created,TKT-0011: Fleet service inspection · case 11,5b82fd1c-6644-5f7e-aa38-a83c1af2388f,UNREAD,In-app,5741fb77-54ec-57f6-8dd3-128a6f117eca,ec474ecb-bce2-4ec8-b185-42dad1a7fb8f,NOT-327C10,,2026-10-07T07:01:15.773454+00:00,2026-10-07T07:01:15.773456+00:00
Ticket Created,TKT-0010: Device setup request · case 10,b0c63368-944c-5f36-ac6c-d40141ecb521,UNREAD,In-app,76d32e51-31af-5b29-83e3-ec6d98589003,3a1ea421-7a6d-4597-8f0f-471c007d5ff3,NOT-14070B,,2026-10-07T07:01:15.773247+00:00,2026-10-07T07:01:15.773249+00:00
Ticket Created,TKT-0009: Application access request · case 09,59d64682-401e-5282-a4ca-26562abff715,UNREAD,In-app,b75a85d0-d96e-5e06-bc75-26c59ce36fe2,3478a608-0b35-489f-887d-1e5bd8ed4b6d,NOT-1B0940,,2026-10-07T07:01:15.773042+00:00,2026-10-07T07:01:15.773045+00:00
Ticket Created,TKT-0008: Network switch intermittent link · case 08,707b2de8-42e7-5c9a-a2e9-7abbb8e906d2,UNREAD,In-app,a4ca66e0-3f1d-587c-9422-ad9729e225cc,1c635f95-3a47-4f62-8ad2-6224089c9527,NOT-05BFAB,,2026-10-07T07:01:15.772812+00:00,2026-10-07T07:01:15.772815+00:00
Ticket Created,TKT-0007: Monitor display flickers · case 07,af5d5b43-2148-59a5-9c4e-ce7876fe3ec5,UNREAD,In-app,3669fd23-1873-5f1d-8cba-b2e0d79594e4,e72a36d5-bf82-4008-a473-dd16b1eaf81a,NOT-7BF42B,,2026-10-07T07:01:15.772609+00:00,2026-10-07T07:01:15.772611+00:00
Ticket Created,TKT-0006: Air conditioning not cooling · case 06,68ff8249-ca59-5bc5-aa50-198ed15e9806,UNREAD,In-app,40168aac-e72a-503d-9cf3-769834e90587,6df41b7a-0634-441a-ba29-b5edaeefb07a,NOT-3DE453,,2026-10-07T07:01:15.772413+00:00,2026-10-07T07:01:15.772416+00:00
Ticket Created,TKT-0005: Generator alarm during load test · case 05,1a195983-7791-50c7-b1ba-d55970e139eb,UNREAD,In-app,85b22bcb-18f6-5bd5-b315-37313e4afd8f,e4c01395-6901-484d-a47d-39088d9ab26e,NOT-D7562F,,2026-10-07T07:01:15.772209+00:00,2026-10-07T07:01:15.772213+00:00
Ticket Created,TKT-0004: Printer paper jam · case 04,920a3727-cdfc-52f2-966b-4d42f883c625,UNREAD,In-app,cb814b3f-dfa2-5b13-8d18-71a468927448,f95c48bf-109f-48fb-9ea6-d8f286eb4117,NOT-59AA86,,2026-10-07T07:01:15.771956+00:00,2026-10-07T07:01:15.771959+00:00
Ticket Created,TKT-0003: Laptop power failure recurred · case 03,3b607ca1-fb21-5848-a784-189ebb2f3ed2,UNREAD,In-app,6b7a1e85-ccc2-5b38-9f94-9830c8f3f08a,6010fb5e-02f1-4f12-97cc-7d69acc600ee,NOT-5E19C4,,2026-10-07T07:01:15.771734+00:00,2026-10-07T07:01:15.771736+00:00
Ticket Created,TKT-0002: Laptop Wi-Fi disconnects repeatedly · case 02,9da66046-3821-5288-aeea-50351b691c84,UNREAD,In-app,6b7a1e85-ccc2-5b38-9f94-9830c8f3f08a,f70156a2-670c-4ba7-89de-b6aba06863ac,NOT-AEAC8E,,2026-10-07T07:01:15.771538+00:00,2026-10-07T07:01:15.771540+00:00
Ticket Created,TKT-0001: Laptop cannot boot · case 01,978904f4-c113-53f5-8031-106c48217b21,UNREAD,In-app,6b7a1e85-ccc2-5b38-9f94-9830c8f3f08a,23d72c72-a20d-4a1f-9f32-b4fb98acffc6,NOT-A4DBA3,,2026-10-07T07:01:15.771341+00:00,2026-10-07T07:01:15.771343+00:00
Asset Created,AST-0080: ABC fire extinguisher · 02,f5d8fc09-c5e4-5a88-9813-3f4f0e797ae1,UNREAD,In-app,,572cb028-3b04-4325-9917-574a64eabd37,NOT-6B03AF,,2026-10-07T07:01:15.771116+00:00,2026-10-07T07:01:15.771119+00:00
Asset Created,AST-0079: ABC fire extinguisher · 01,02e47bcf-38bf-5f92-9bb4-ac04413efb8b,UNREAD,In-app,,2fff5ad6-2b97-4249-803c-30f92a5422ec,NOT-0479BC,,2026-10-07T07:01:15.770356+00:00,2026-10-07T07:01:15.770358+00:00
Asset Created,AST-0078: Storage cabinet · 04,8572584e-d785-5acb-86b9-3a084caf0ffc,UNREAD,In-app,,5990f46e-e329-41ee-b42e-8bbf20520986,NOT-C16C27,,2026-10-07T07:01:15.769572+00:00,2026-10-07T07:01:15.769574+00:00
Asset Created,AST-0077: Ergonomic workstation · 03,fa0b7a3b-cb48-5f2e-9468-ab4712e3b11a,UNREAD,In-app,,071be698-d469-412a-bbc7-77b0cea61334,NOT-02C448,,2026-10-07T07:01:15.768734+00:00,2026-10-07T07:01:15.768736+00:00
Asset Created,AST-0076: Storage cabinet · 02,59fe6a8e-2d7a-5d81-bca1-7cbea2c8c024,UNREAD,In-app,,24782002-1846-4f0a-aeba-92a6ee0f6916,NOT-F262A3,,2026-10-07T07:01:15.767987+00:00,2026-10-07T07:01:15.767990+00:00
Asset Created,AST-0075: Ergonomic workstation · 01,9f2aea1f-6145-5da3-9cb9-33ed340f54e5,UNREAD,In-app,c1a5bf1b-8cc2-5559-aefe-fce8f035f14e,aa621616-4adc-4e52-b93c-33072cb46559,NOT-D0FA6F,,2026-10-07T07:01:15.767251+00:00,2026-10-07T07:01:15.767254+00:00
Asset Created,AST-0074: Utility delivery van · 03,9e207797-9449-5d70-96f9-f53b93f9c394,UNREAD,In-app,,69f91a93-e4eb-48a9-93b0-ea3a6e2f9bc9,NOT-5B3A44,,2026-10-07T07:01:15.766469+00:00,2026-10-07T07:01:15.766471+00:00
Asset Created,AST-0073: Utility delivery van · 02,91d0853f-a9fe-5372-8073-9fbf02324965,UNREAD,In-app,5741fb77-54ec-57f6-8dd3-128a6f117eca,f4ca9867-ac84-4d25-9f06-0f4fa80d8696,NOT-0DFBA9,,2026-10-07T07:01:15.765583+00:00,2026-10-07T07:01:15.765585+00:00
Asset Created,AST-0072: Utility delivery van · 01,4842d095-e66b-5d55-9833-6f33f242e884,UNREAD,In-app,c45454e5-d2a2-5c35-b901-856ee3a45fe3,7a4980db-cf95-4bf2-b21c-4c5d4d01f2ba,NOT-3C7B5E,,2026-10-07T07:01:15.764804+00:00,2026-10-07T07:01:15.764806+00:00
Asset Created,AST-0071: 2 ton split air conditioner · 05,2cfd35df-3789-5912-807d-ba2ee848c0bb,UNREAD,In-app,,3800a7b3-e48f-4e4b-b535-6d5ece7db5b5,NOT-28BD5B,,2026-10-07T07:01:15.764019+00:00,2026-10-07T07:01:15.764021+00:00
Asset Created,AST-0070: Packaged air handling unit · 04,7a9525b0-d894-5445-aafc-4dd98a9b7274,UNREAD,In-app,,10e6804a-6add-40dd-83ab-d71d02523547,NOT-7016FC,,2026-10-07T07:01:15.763254+00:00,2026-10-07T07:01:15.763256+00:00
Asset Created,AST-0069: 2 ton split air conditioner · 03,a6053a78-b9eb-5c9c-880a-d2d37fba6518,UNREAD,In-app,6c7266b8-430b-5f5b-8241-23ef8680f97e,f0b6c5dc-9292-4197-ae3e-9252fb57b00e,NOT-B89F5B,,2026-10-07T07:01:15.762490+00:00,2026-10-07T07:01:15.762493+00:00
Asset Created,AST-0068: Packaged air handling unit · 02,7c8fc5c3-64f7-5b07-b12e-d83ba811cfc4,UNREAD,In-app,1bb88ffa-529c-5a6d-84c8-05bdc6796caa,348ed27e-4847-4899-b064-92967f877441,NOT-1FE580,,2026-10-07T07:01:15.761741+00:00,2026-10-07T07:01:15.761743+00:00
Asset Created,AST-0067: 2 ton split air conditioner · 01,d588ebe0-76c8-58b6-85f9-bc590c89f778,UNREAD,In-app,40168aac-e72a-503d-9cf3-769834e90587,aa3f17ee-0535-4c4b-a4f2-052e1f874507,NOT-464240,,2026-10-07T07:01:15.761006+00:00,2026-10-07T07:01:15.761009+00:00
Asset Created,AST-0066: 62.5 kVA standby set · 03,4bd11dee-c8f5-5bdd-a439-0f422ddefdd5,UNREAD,In-app,,1db6706d-fa36-493c-956f-0720602a22ec,NOT-EDD434,,2026-10-07T07:01:15.760114+00:00,2026-10-07T07:01:15.760117+00:00
Asset Created,AST-0065: 125 kVA standby set · 02,eddf8a94-48e3-5ff2-b037-a73f54fecdc3,UNREAD,In-app,178b43e4-e90c-5d29-8744-9043c4193b85,ed8b3fac-b59f-4b76-886e-7cf896ceaf2f,NOT-C0F9F7,,2026-10-07T07:01:15.759347+00:00,2026-10-07T07:01:15.759350+00:00
Asset Created,AST-0064: 62.5 kVA standby set · 01,f61d4fce-72b1-5851-85e1-a2c59af1754a,UNREAD,In-app,85b22bcb-18f6-5bd5-b315-37313e4afd8f,944968b6-d1b2-4a6e-be63-5b36df8df667,NOT-43691D,,2026-10-07T07:01:15.758592+00:00,2026-10-07T07:01:15.758594+00:00
Asset Created,AST-0063: Galaxy A55 · 05,fa1638ff-f384-586a-baee-3aa6e1f26c51,UNREAD,In-app,,4ec6ab3f-2da3-46c3-bfe4-408088eddf76,NOT-C33D45,,2026-10-07T07:01:15.757836+00:00,2026-10-07T07:01:15.757839+00:00
Asset Created,AST-0062: Galaxy A55 · 04,d0917ded-4c99-58c2-be58-0e1ada9ea010,UNREAD,In-app,d2727f21-db3c-525e-9b14-23f7c8cabf73,881f8fca-f3d6-4b80-a511-65d8ca7bfa86,NOT-9DE218,,2026-10-07T07:01:15.757138+00:00,2026-10-07T07:01:15.757140+00:00
Asset Created,AST-0061: Galaxy A55 · 03,370cf425-72da-55ce-9b40-06610dafc044,UNREAD,In-app,9861d685-f1f2-5904-9b1b-ec119b816f5b,72132942-0549-4556-8e8d-bd8adef59fe6,NOT-04FD35,,2026-10-07T07:01:15.756389+00:00,2026-10-07T07:01:15.756392+00:00
Asset Created,AST-0060: Galaxy A55 · 02,b7f1d905-3281-5dd3-a1a4-13e303ab7a0f,UNREAD,In-app,,334b8897-29e5-4c88-a700-0147ca58cb2d,NOT-5CFBD9,,2026-10-07T07:01:15.755605+00:00,2026-10-07T07:01:15.755607+00:00
Asset Created,AST-0059: Galaxy A55 · 01,84f3d96f-6c5a-5c29-aa94-70dcf7641340,UNREAD,In-app,df0089a5-d68f-5d2b-adc8-68bb2b7babae,d249dd87-4cb2-42fb-9ca0-863a736f3bde,NOT-E517D9,,2026-10-07T07:01:15.754897+00:00,2026-10-07T07:01:15.754900+00:00
Asset Created,AST-0058: PowerEdge R350 · 03,ec021f7d-8b8e-58a3-aabd-d8145e569e00,UNREAD,In-app,0027699e-67dd-5d81-858d-8036e71b2552,c1e10f03-11ba-44ad-b3f2-3af1b76cc00b,NOT-CBC2BA,,2026-10-07T07:01:15.754160+00:00,2026-10-07T07:01:15.754162+00:00
Asset Created,AST-0057: PowerEdge R350 · 02,9c776a2b-00a7-546f-b0f1-855857de9d83,UNREAD,In-app,,0b889e12-f5a3-40ab-98c3-1ab205f56405,NOT-A3A591,,2026-10-07T07:01:15.753428+00:00,2026-10-07T07:01:15.753430+00:00
Asset Created,AST-0056: PowerEdge R350 · 01,997a51d5-1943-5ea2-978a-84ab858a589f,UNREAD,In-app,,ae3c1641-21aa-41d0-ba5a-7bcf5db063a2,NOT-C77A68,,2026-10-07T07:01:15.752698+00:00,2026-10-07T07:01:15.752700+00:00
Asset Created,AST-0055: Catalyst access switch · 05,b9f741cf-2bec-5704-8671-30471846bf0b,UNREAD,In-app,a4ca66e0-3f1d-587c-9422-ad9729e225cc,ed9f2042-6843-4d9b-81b7-276676bcf7d3,NOT-1EA8AA,,2026-10-07T07:01:15.751948+00:00,2026-10-07T07:01:15.751952+00:00
Asset Created,AST-0054: Aruba access point · 04,0e5ac6a6-ed79-5638-a5c5-f99392019c9b,UNREAD,In-app,405083be-63ca-55c3-a460-e8d3b200c8cb,b4ee5b8f-947f-4fae-baa1-889aa9878f8d,NOT-BA16EB,,2026-10-07T07:01:15.751198+00:00,2026-10-07T07:01:15.751200+00:00
Asset Created,AST-0053: Catalyst access switch · 03,fc92ae4a-a42f-549e-a808-0e79d82666dd,UNREAD,In-app,,a3970275-1576-4f88-9f68-0beb6b5932db,NOT-F1AFF6,,2026-10-07T07:01:15.750430+00:00,2026-10-07T07:01:15.750433+00:00
Asset Created,AST-0052: Aruba access point · 02,16690631-fdde-5c95-8e6a-0dc696969ad3,UNREAD,In-app,9ec95ab0-ccc3-5ceb-9ce6-21cba2485add,21259bf6-f22c-48ac-95ac-eb109f526c78,NOT-A7E866,,2026-10-07T07:01:15.749683+00:00,2026-10-07T07:01:15.749685+00:00
Asset Created,AST-0051: Catalyst access switch · 01,2437ab70-ba5f-5116-bf4b-855bfe126c82,UNREAD,In-app,be431c8c-a0b4-59d2-9e56-f00944947f6c,b663001c-3187-486f-8bcc-4c96e957cc24,NOT-555EC4,,2026-10-07T07:01:15.748960+00:00,2026-10-07T07:01:15.748963+00:00
Asset Created,AST-0050: LaserJet Pro M404 · 05,81e64736-b390-5fb7-9a7e-80a5ff19102e,UNREAD,In-app,,ca8abd82-f2d5-4400-85ee-d617a9062254,NOT-9F2EAC,,2026-10-07T07:01:15.748208+00:00,2026-10-07T07:01:15.748212+00:00
Asset Created,AST-0049: LaserJet Pro M404 · 04,5998924f-20e6-5028-8635-e8732ca07fa9,UNREAD,In-app,cb814b3f-dfa2-5b13-8d18-71a468927448,802b24d4-2a03-4e77-87a2-005b8006379f,NOT-DE2D16,,2026-10-07T07:01:15.747404+00:00,2026-10-07T07:01:15.747407+00:00
Asset Created,AST-0048: LaserJet Pro M404 · 03,ec141f61-12ed-5c26-aa3b-a99609588651,UNREAD,In-app,ff3fd9a1-9844-5f7f-bbdb-3a14d0eb8c11,deb9f38b-caca-4177-9893-a4a27693d566,NOT-C2A3E6,,2026-10-07T07:01:15.746621+00:00,2026-10-07T07:01:15.746624+00:00
Asset Created,AST-0047: LaserJet Pro M404 · 02,2c5e316b-eb3b-5c39-9d00-da3c8cad2ad7,UNREAD,In-app,76d32e51-31af-5b29-83e3-ec6d98589003,3a226e77-5c27-4f79-93fb-7c8e90373f5b,NOT-DBF594,,2026-10-07T07:01:15.745657+00:00,2026-10-07T07:01:15.745660+00:00
Asset Created,AST-0046: LaserJet Pro M404 · 01,967d6ed4-9643-56ee-8788-0d1cc8470df1,UNREAD,In-app,b75a85d0-d96e-5e06-bc75-26c59ce36fe2,e3edea32-4d3b-4619-affa-ca5e624bb7f1,NOT-FC029E,,2026-10-07T07:01:15.744826+00:00,2026-10-07T07:01:15.744828+00:00
Asset Created,AST-0045: P2425H display · 12,1a70fbe0-bd6a-5b9f-84cf-8f1400058a86,UNREAD,In-app,c1a5bf1b-8cc2-5559-aefe-fce8f035f14e,031b9263-eb33-4920-85ba-b88ac08e5b26,NOT-45EDBB,,2026-10-07T07:01:15.744032+00:00,2026-10-07T07:01:15.744035+00:00
Asset Created,AST-0044: P2425H display · 11,509d7d14-70c1-5928-935e-ddb7e4d57f44,UNREAD,In-app,,6fe2a1ac-95bc-4837-ae9e-515aa3e898c3,NOT-49B8D6,,2026-10-07T07:01:15.743289+00:00,2026-10-07T07:01:15.743291+00:00
Asset Created,AST-0043: P2425H display · 10,0731814a-80b0-5bfa-b40d-3efd599d0dbd,UNREAD,In-app,5741fb77-54ec-57f6-8dd3-128a6f117eca,7484cd74-3c83-4dc0-9405-1c99d53fefb8,NOT-097640,,2026-10-07T07:01:15.742529+00:00,2026-10-07T07:01:15.742532+00:00
Asset Created,AST-0042: P2425H display · 09,e076cea0-ba61-51ce-8aba-0a72ac8934f0,UNREAD,In-app,c45454e5-d2a2-5c35-b901-856ee3a45fe3,fab785c0-89c5-4cbe-8bb3-f8ed9f993bc1,NOT-BF5F73,,2026-10-07T07:01:15.741673+00:00,2026-10-07T07:01:15.741676+00:00
Asset Created,AST-0041: P2425H display · 08,1fcd4405-fe59-5f3f-aa79-910984e89b8e,UNREAD,In-app,3669fd23-1873-5f1d-8cba-b2e0d79594e4,04abc4bd-f405-4090-95d0-5cbe67a8fb07,NOT-384BFE,,2026-10-07T07:01:15.740830+00:00,2026-10-07T07:01:15.740832+00:00
Asset Created,AST-0040: P2425H display · 07,3f0a98b6-22b5-5442-83f2-ce57c60e6135,UNREAD,In-app,62378329-5e5e-574e-8e3e-a5bcb3ac512a,9853aa81-a565-4074-848d-28f2b9a39107,NOT-0CD162,,2026-10-07T07:01:15.740068+00:00,2026-10-07T07:01:15.740070+00:00
Asset Created,AST-0039: P2425H display · 06,14d2b88b-5296-53ac-a469-4a0aac6d1ad4,UNREAD,In-app,6c7266b8-430b-5f5b-8241-23ef8680f97e,01115353-b664-46d9-a9d0-87777693d32e,NOT-9FD915,,2026-10-07T07:01:15.739301+00:00,2026-10-07T07:01:15.739304+00:00
Asset Created,AST-0038: P2425H display · 05,238c7c0a-a7df-5720-bff2-4c2031890236,UNREAD,In-app,1bb88ffa-529c-5a6d-84c8-05bdc6796caa,886ffc93-480c-4c6c-b5ff-19f7adc0fdb1,NOT-4ADDBA,,2026-10-07T07:01:15.738529+00:00,2026-10-07T07:01:15.738531+00:00
Asset Created,AST-0037: P2425H display · 04,4170f88d-d30a-516c-b3ca-d417a5204607,UNREAD,In-app,40168aac-e72a-503d-9cf3-769834e90587,6e09de25-a0bf-4b85-ba0b-636c3d447d08,NOT-92F9FA,,2026-10-07T07:01:15.737755+00:00,2026-10-07T07:01:15.737758+00:00
Asset Created,AST-0036: P2425H display · 03,95a7e811-dcc2-5ef4-ac43-d9c83bcc865d,UNREAD,In-app,,ebf93943-31ae-496c-83dd-0e7a26f5a1cd,NOT-89F6EB,,2026-10-07T07:01:15.736834+00:00,2026-10-07T07:01:15.736837+00:00
Asset Created,AST-0035: P2425H display · 02,840a9f69-93a2-5774-96dd-95e66f0d543a,UNREAD,In-app,178b43e4-e90c-5d29-8744-9043c4193b85,011f9e53-b191-4f12-90f7-9e06800ade29,NOT-E57992,,2026-10-07T07:01:15.736038+00:00,2026-10-07T07:01:15.736041+00:00
Asset Created,AST-0034: P2425H display · 01,dd408be9-1b8b-5fdf-9d35-92d96e30304e,UNREAD,In-app,85b22bcb-18f6-5bd5-b315-37313e4afd8f,fe83e9cd-4265-4ad6-abc3-52c38eaceda2,NOT-053285,,2026-10-07T07:01:15.735289+00:00,2026-10-07T07:01:15.735292+00:00
Asset Created,AST-0033: ThinkCentre M70 · 08,523a706d-e76a-557f-88ba-6dde3d3867a7,UNREAD,In-app,,b714fe44-286b-477d-a5a0-276a42c2925a,NOT-AC3303,,2026-10-07T07:01:15.734516+00:00,2026-10-07T07:01:15.734518+00:00
Asset Created,AST-0032: OptiPlex 7020 · 07,1091c9b5-9ec3-5094-a692-6759cd5899fe,UNREAD,In-app,d2727f21-db3c-525e-9b14-23f7c8cabf73,27b1e85e-8b2c-4f92-b791-3643d74bdf17,NOT-709DE8,,2026-10-07T07:01:15.733658+00:00,2026-10-07T07:01:15.733663+00:00
Asset Created,AST-0031: ThinkCentre M70 · 06,2498cd77-1494-5ab7-906a-21e4bb08d1ee,UNREAD,In-app,9861d685-f1f2-5904-9b1b-ec119b816f5b,0b4844ef-3d45-40d9-88c7-0677f6fb4849,NOT-0437AD,,2026-10-07T07:01:15.732666+00:00,2026-10-07T07:01:15.732668+00:00
Asset Created,AST-0030: OptiPlex 7020 · 05,57546536-7624-5c24-9980-1fd292350651,UNREAD,In-app,41239575-ad45-5599-bf1c-22a1c28654af,de98c895-18e3-4a00-8167-e621c72686e9,NOT-E5CF4C,,2026-10-07T07:01:15.731899+00:00,2026-10-07T07:01:15.731903+00:00
Asset Created,AST-0029: ThinkCentre M70 · 04,8d4f6c17-9107-519c-ab4b-1e7635d1c2bf,UNREAD,In-app,df0089a5-d68f-5d2b-adc8-68bb2b7babae,e0d0505b-87d1-4963-ae57-b046255338c7,NOT-425D9E,,2026-10-07T07:01:15.731141+00:00,2026-10-07T07:01:15.731144+00:00
Asset Created,AST-0028: OptiPlex 7020 · 03,17da4c1f-4c8e-535a-829e-63826796fa8d,UNREAD,In-app,,511914d0-e48d-438f-9889-001ca203f135,NOT-ECBC6D,,2026-10-07T07:01:15.730221+00:00,2026-10-07T07:01:15.730223+00:00
Asset Created,AST-0027: ThinkCentre M70 · 02,54b08e49-e2e9-50ec-b5c0-860bbaaf99f3,UNREAD,In-app,629450e0-6fcb-59e9-8aa5-a85876785e0c,54a1067c-48a8-4c07-a35e-3930fe2fa616,NOT-9BEF18,,2026-10-07T07:01:15.729472+00:00,2026-10-07T07:01:15.729475+00:00
Asset Created,AST-0026: OptiPlex 7020 · 01,270beb04-8ee4-5c39-94f8-1979e6c89388,UNREAD,In-app,7bc69bd3-0d29-5679-80f3-15937b2dff5f,4f4f0942-1ca8-4da5-b678-33ea0fe175c1,NOT-098BC6,,2026-10-07T07:01:15.728704+00:00,2026-10-07T07:01:15.728707+00:00
Asset Created,AST-0025: Latitude 5450 · 25,7f86c423-9621-5463-b205-e5faafced74f,UNREAD,In-app,a4ca66e0-3f1d-587c-9422-ad9729e225cc,939f3ff9-7684-411b-9a90-e9117fe507d2,NOT-A70421,,2026-10-07T07:01:15.727930+00:00,2026-10-07T07:01:15.727933+00:00
Asset Created,AST-0024: ThinkPad T14 · 24,8ae3135f-c362-5532-92f5-e6088a2d9332,UNREAD,In-app,405083be-63ca-55c3-a460-e8d3b200c8cb,3561aa54-343a-421f-9283-d7b8ebfe8dfc,NOT-E99B33,,2026-10-07T07:01:15.727169+00:00,2026-10-07T07:01:15.727172+00:00
Asset Created,AST-0023: Latitude 5450 · 23,09e30315-007f-540f-b70b-14cb0786a41b,UNREAD,In-app,,f1b1ae93-54d5-41e4-ba43-709c013d6eac,NOT-7C7F26,,2026-10-07T07:01:15.726392+00:00,2026-10-07T07:01:15.726394+00:00
Asset Created,AST-0022: ThinkPad T14 · 22,937126a2-0bdf-5e70-a608-3d6b8318dcc1,UNREAD,In-app,9ec95ab0-ccc3-5ceb-9ce6-21cba2485add,bfe4cae5-8883-4602-8703-c3ea14b03378,NOT-33E1A1,,2026-10-07T07:01:15.725631+00:00,2026-10-07T07:01:15.725633+00:00
Asset Created,AST-0021: Latitude 5450 · 21,1724f1d5-d2bb-5c1d-9199-285dbe43ea6c,UNREAD,In-app,be431c8c-a0b4-59d2-9e56-f00944947f6c,67eabbf0-ecce-412c-a450-0100c3398b47,NOT-C82664,,2026-10-07T07:01:15.724855+00:00,2026-10-07T07:01:15.724857+00:00
Asset Created,AST-0020: ThinkPad T14 · 20,66bc34e1-a59c-58e3-b338-e6fc76bc62c1,UNREAD,In-app,c27d41e7-cd94-5c8e-8588-4fa5028fbf2f,d5c36274-61c9-4504-b809-c38127cd3a24,NOT-3468D7,,2026-10-07T07:01:15.724074+00:00,2026-10-07T07:01:15.724077+00:00
Asset Created,AST-0019: Latitude 5450 · 19,19529a68-9795-542f-8ce5-5312c93c2b43,UNREAD,In-app,,1bd24284-db1b-4b39-82dc-886e82ae226a,NOT-D1D194,,2026-10-07T07:01:15.723383+00:00,2026-10-07T07:01:15.723386+00:00
Asset Created,AST-0018: ThinkPad T14 · 18,d3c3e699-d522-58a0-a341-a8c3156f9a01,UNREAD,In-app,ff3fd9a1-9844-5f7f-bbdb-3a14d0eb8c11,ec56af99-ac54-4adb-b2e2-4af26ceb25c4,NOT-1BC76D,,2026-10-07T07:01:15.722625+00:00,2026-10-07T07:01:15.722628+00:00
Asset Created,AST-0017: Latitude 5450 · 17,8ec99e1f-ec44-5548-8807-6cd973df147b,UNREAD,In-app,76d32e51-31af-5b29-83e3-ec6d98589003,375ffd41-f8c6-422c-9edd-989124141599,NOT-B8B036,,2026-10-07T07:01:15.721922+00:00,2026-10-07T07:01:15.721925+00:00
Asset Created,AST-0016: ThinkPad T14 · 16,70cfc6be-91f9-5cba-b3b2-50bfa6e85732,UNREAD,In-app,b75a85d0-d96e-5e06-bc75-26c59ce36fe2,caaa4ea8-929d-464e-8773-ef18c497d6dc,NOT-32A508,,2026-10-07T07:01:15.721179+00:00,2026-10-07T07:01:15.721182+00:00
Asset Created,AST-0015: Latitude 5450 · 15,e1b662c6-92b1-5b56-982f-18eabb0c2dce,UNREAD,In-app,c1a5bf1b-8cc2-5559-aefe-fce8f035f14e,808b5c62-3ecf-4edc-9fe0-9132588ce551,NOT-695CE8,,2026-10-07T07:01:15.720411+00:00,2026-10-07T07:01:15.720413+00:00
Asset Created,AST-0014: ThinkPad T14 · 14,9673cde7-4036-5c89-8db1-b0af723ac564,UNREAD,In-app,de7a15a7-912f-5a80-b5cc-b49a0e850890,eeb910a7-9397-4c05-b1e1-3b1c4134eb18,NOT-AB28AD,,2026-10-07T07:01:15.719621+00:00,2026-10-07T07:01:15.719623+00:00
Asset Created,AST-0013: Latitude 5450 · 13,440abc8f-ab37-5e99-9622-7cb90746295b,UNREAD,In-app,5741fb77-54ec-57f6-8dd3-128a6f117eca,8c8c8346-2b13-4803-b72b-57deefd61a84,NOT-82AD86,,2026-10-07T07:01:15.718851+00:00,2026-10-07T07:01:15.718853+00:00
Asset Created,AST-0012: ThinkPad T14 · 12,a72fb78c-8041-5558-b48b-bc7b0dab3603,UNREAD,In-app,,37cfdfdf-bd2a-456c-91ac-2fb84653e633,NOT-28C2B5,,2026-10-07T07:01:15.718132+00:00,2026-10-07T07:01:15.718134+00:00
Asset Created,AST-0011: Latitude 5450 · 11,4846ec21-dd40-512b-8710-f5a3548c91de,UNREAD,In-app,3669fd23-1873-5f1d-8cba-b2e0d79594e4,c56d4bfe-be85-48ec-a538-ceb43529e053,NOT-EE1015,,2026-10-07T07:01:15.717373+00:00,2026-10-07T07:01:15.717375+00:00
Asset Created,AST-0010: ThinkPad T14 · 10,b2b74f9a-26c3-5c7d-82be-3a0ff3f01a1d,UNREAD,In-app,62378329-5e5e-574e-8e3e-a5bcb3ac512a,2c4dd890-197d-464c-ad12-65c5386ae531,NOT-BBD090,,2026-10-07T07:01:15.716602+00:00,2026-10-07T07:01:15.716605+00:00
Asset Created,AST-0009: Latitude 5450 · 09,73d873d9-0307-5636-80a5-fc1ea9095ed7,UNREAD,In-app,6c7266b8-430b-5f5b-8241-23ef8680f97e,9c77eca9-ba51-4aad-baa0-2fd9c35f6e8c,NOT-EAC833,,2026-10-07T07:01:15.715799+00:00,2026-10-07T07:01:15.715801+00:00
Asset Created,AST-0008: ThinkPad T14 · 08,a03e9912-e319-5717-b76d-461620026f1b,UNREAD,In-app,,1d4398d1-db60-4823-b612-6e1664d48ac5,NOT-19C710,,2026-10-07T07:01:15.715063+00:00,2026-10-07T07:01:15.715065+00:00
Asset Created,AST-0007: Latitude 5450 · 07,f60ba54a-f625-5732-bdf5-e7f4e1ecb687,UNREAD,In-app,40168aac-e72a-503d-9cf3-769834e90587,b9b3089d-aa20-4c1a-8169-61c42e3a4e4c,NOT-A55B72,,2026-10-07T07:01:15.714309+00:00,2026-10-07T07:01:15.714312+00:00
Asset Created,AST-0006: ThinkPad T14 · 06,a55b509a-520a-57c1-b916-2e2ee08f21d0,UNREAD,In-app,976d9a4b-3a49-596d-ae01-2de7dc8a3a77,5ca0569c-c190-456b-8dc7-c115b54a6994,NOT-C5FA8E,,2026-10-07T07:01:15.713534+00:00,2026-10-07T07:01:15.713537+00:00
Asset Created,AST-0005: Latitude 5450 · 05,87f8ac94-1dd7-5499-8032-1464029e1d43,UNREAD,In-app,178b43e4-e90c-5d29-8744-9043c4193b85,7268e435-033c-4e3d-a0b0-9ac91a493537,NOT-C5B015,,2026-10-07T07:01:15.712757+00:00,2026-10-07T07:01:15.712759+00:00
Asset Created,AST-0004: ThinkPad T14 · 04,bd6237f4-e1b6-59ca-b4b1-2f59df4c0e75,UNREAD,In-app,85b22bcb-18f6-5bd5-b315-37313e4afd8f,c3f56984-aa26-4169-bea5-b2108b84efd5,NOT-2EA688,,2026-10-07T07:01:15.711961+00:00,2026-10-07T07:01:15.711965+00:00
Asset Created,AST-0003: Latitude 5450 · 03,63caf73f-2bd0-589f-8f09-fc5365c91c63,UNREAD,In-app,6b7a1e85-ccc2-5b38-9f94-9830c8f3f08a,313b3c82-fc03-40d1-a9aa-77a501462b71,NOT-496193,,2026-10-07T07:01:15.711189+00:00,2026-10-07T07:01:15.711192+00:00
Asset Created,AST-0002: ThinkPad T14 · 02,e0b2f529-88f2-56c0-8030-ec7a24957681,UNREAD,In-app,d2727f21-db3c-525e-9b14-23f7c8cabf73,a9da9cf7-3eda-4c13-951d-8c931bd4cf7e,NOT-81DA41,,2026-10-07T07:01:15.710387+00:00,2026-10-07T07:01:15.710390+00:00
Asset Created,AST-0001: Latitude 5450 · 01,5e6b8fc7-b298-5695-a130-fc8b95398210,UNREAD,In-app,9861d685-f1f2-5904-9b1b-ec119b816f5b,e64e1858-3e1f-4042-88a0-63d221a765f6,NOT-48359A,,2026-10-07T07:01:15.709549+00:00,2026-10-07T07:01:15.709553+00:00
