created_at,updated_at,id,code,name,status,description,type,category,priority,group,asset_id,requester_id,assigned_user_id,opened_at,due_at,comments,resolved_at
2026-10-07T06:31:13+00:00,2026-10-07T06:51:13+00:00,978904f4-c113-53f5-8031-106c48217b21,TKT-0001,Laptop cannot boot · case 01,NEW,Check approved power source; route to IT support. This is fictional sample content.,INCIDENT,Hardware,P3,IT support,63caf73f-2bd0-589f-8f09-fc5365c91c63,6b7a1e85-ccc2-5b38-9f94-9830c8f3f08a,,2026-10-07T06:31:13+00:00,2026-10-08T06:31:13+00:00,"[{""author"": ""Priya Sharma"", ""body"": ""Demo request: Check approved power source; route to IT support."", ""at"": ""2026-10-07T06:31:13+00:00""}]",
2026-10-07T06:31:13+00:00,2026-10-07T06:51:13+00:00,3b607ca1-fb21-5848-a784-189ebb2f3ed2,TKT-0003,Laptop power failure recurred · case 03,NEW,A previous incident returned; review hardware history. This is fictional sample content.,INCIDENT,Hardware,P3,IT support,63caf73f-2bd0-589f-8f09-fc5365c91c63,6b7a1e85-ccc2-5b38-9f94-9830c8f3f08a,,2026-10-07T06:31:13+00:00,2026-10-08T06:31:13+00:00,"[{""author"": ""Priya Sharma"", ""body"": ""Demo request: A previous incident returned; review hardware history."", ""at"": ""2026-10-07T06:31:13+00:00""}]",
2026-10-07T06:31:13+00:00,2026-10-07T06:51:13+00:00,1a195983-7791-50c7-b1ba-d55970e139eb,TKT-0005,Generator alarm during load test · case 05,NEW,An alarm was recorded during a supervised generator test. This is fictional sample content.,WORK_ORDER,Facilities,P1,Facilities,f61d4fce-72b1-5851-85e1-a2c59af1754a,85b22bcb-18f6-5bd5-b315-37313e4afd8f,,2026-10-07T06:31:13+00:00,2026-10-07T10:31:13+00:00,"[{""author"": ""Rohan Iyer"", ""body"": ""Demo request: An alarm was recorded during a supervised generator test."", ""at"": ""2026-10-07T06:31:13+00:00""}]",
2026-10-07T06:31:13+00:00,2026-10-07T06:51:13+00:00,2638fae9-34c6-50b1-a8a1-9f3310031b78,TKT-0015,Laptop power failure recurred · case 15,ASSIGNED,A previous incident returned; review hardware history. This is fictional sample content.,INCIDENT,Hardware,P3,IT support,63caf73f-2bd0-589f-8f09-fc5365c91c63,6b7a1e85-ccc2-5b38-9f94-9830c8f3f08a,1bb88ffa-529c-5a6d-84c8-05bdc6796caa,2026-10-07T06:31:13+00:00,2026-10-08T06:31:13+00:00,"[{""author"": ""Priya Sharma"", ""body"": ""Demo request: A previous incident returned; review hardware history."", ""at"": ""2026-10-07T06:31:13+00:00""}, {""author"": ""Rahul Das"", ""body"": ""Acknowledged and reviewing asset history and the relevant knowledge article."", ""at"": ""2026-10-07T06:51:13+00:00""}]",
2026-10-07T06:31:13+00:00,2026-10-07T06:51:13+00:00,604f4f7c-e5b4-5263-9d67-6c3ddf80d660,TKT-0017,Generator alarm during load test · case 17,ASSIGNED,An alarm was recorded during a supervised generator test. This is fictional sample content.,WORK_ORDER,Facilities,P3,Facilities,f61d4fce-72b1-5851-85e1-a2c59af1754a,85b22bcb-18f6-5bd5-b315-37313e4afd8f,976d9a4b-3a49-596d-ae01-2de7dc8a3a77,2026-10-07T06:31:13+00:00,2026-10-08T06:31:13+00:00,"[{""author"": ""Rohan Iyer"", ""body"": ""Demo request: An alarm was recorded during a supervised generator test."", ""at"": ""2026-10-07T06:31:13+00:00""}, {""author"": ""Vikram Joshi"", ""body"": ""Acknowledged and reviewing asset history and the relevant knowledge article."", ""at"": ""2026-10-07T06:51:13+00:00""}]",
2026-10-07T01:01:13+00:00,2026-10-07T06:51:13+00:00,b0c63368-944c-5f36-ac6c-d40141ecb521,TKT-0010,Device setup request · case 10,IN_PROGRESS,Configure the assigned workstation and approved applications. This is fictional sample content.,REQUEST,Software,P3,IT support,8ec99e1f-ec44-5548-8807-6cd973df147b,76d32e51-31af-5b29-83e3-ec6d98589003,40168aac-e72a-503d-9cf3-769834e90587,2026-10-07T01:01:13+00:00,2026-10-08T01:01:13+00:00,"[{""author"": ""Kiran Kumar"", ""body"": ""Demo request: Configure the assigned workstation and approved applications."", ""at"": ""2026-10-07T01:01:13+00:00""}, {""author"": ""Aisha Khan"", ""body"": ""Acknowledged and reviewing asset history and the relevant knowledge article."", ""at"": ""2026-10-07T01:21:13+00:00""}]",
2026-10-07T01:01:13+00:00,2026-10-07T06:51:13+00:00,be44bee3-a0e3-509c-986e-12e03f7a72e5,TKT-0020,Network switch intermittent link · case 20,PENDING_USER,The plant link briefly drops and reconnects. This is fictional sample content.,INCIDENT,Network,P2,IT support,b9f741cf-2bec-5704-8671-30471846bf0b,a4ca66e0-3f1d-587c-9422-ad9729e225cc,178b43e4-e90c-5d29-8744-9043c4193b85,2026-10-07T01:01:13+00:00,2026-10-07T09:01:13+00:00,"[{""author"": ""Suresh Roy"", ""body"": ""Demo request: The plant link briefly drops and reconnects."", ""at"": ""2026-10-07T01:01:13+00:00""}, {""author"": ""Neha Kapoor"", ""body"": ""Acknowledged and reviewing asset history and the relevant knowledge article."", ""at"": ""2026-10-07T01:21:13+00:00""}]",
2026-10-07T01:01:13+00:00,2026-10-07T06:51:13+00:00,38557ddd-d966-5c9d-bcc5-c3cf204e143e,TKT-0025,Laptop cannot boot · case 25,PENDING_VENDOR,Check approved power source; route to IT support. This is fictional sample content.,INCIDENT,Hardware,P3,IT support,63caf73f-2bd0-589f-8f09-fc5365c91c63,6b7a1e85-ccc2-5b38-9f94-9830c8f3f08a,976d9a4b-3a49-596d-ae01-2de7dc8a3a77,2026-10-07T01:01:13+00:00,2026-10-08T01:01:13+00:00,"[{""author"": ""Priya Sharma"", ""body"": ""Demo request: Check approved power source; route to IT support."", ""at"": ""2026-10-07T01:01:13+00:00""}, {""author"": ""Vikram Joshi"", ""body"": ""Acknowledged and reviewing asset history and the relevant knowledge article."", ""at"": ""2026-10-07T01:21:13+00:00""}]",
2026-10-07T01:01:13+00:00,2026-10-07T06:51:13+00:00,6df318b5-42ea-5619-bedc-1bdfc3c41acc,TKT-0035,Fleet service inspection · case 35,REOPENED,Inspect the delivery vehicle using the fleet checklist. This is fictional sample content.,WORK_ORDER,Facilities,P3,Facilities,91d0853f-a9fe-5372-8073-9fbf02324965,5741fb77-54ec-57f6-8dd3-128a6f117eca,1bb88ffa-529c-5a6d-84c8-05bdc6796caa,2026-10-07T01:01:13+00:00,2026-10-08T01:01:13+00:00,"[{""author"": ""Dev Patel"", ""body"": ""Demo request: Inspect the delivery vehicle using the fleet checklist."", ""at"": ""2026-10-07T01:01:13+00:00""}, {""author"": ""Rahul Das"", ""body"": ""Acknowledged and reviewing asset history and the relevant knowledge article."", ""at"": ""2026-10-07T01:21:13+00:00""}]",
2026-10-06T21:01:13+00:00,2026-10-07T06:51:13+00:00,8d635fe1-98c1-5c03-8ab4-69996ef12645,TKT-0028,Printer paper jam · case 28,RESOLVED,The paper tray repeatedly jams during dispatch printing. This is fictional sample content.,INCIDENT,Hardware,P2,IT support,5998924f-20e6-5028-8635-e8732ca07fa9,cb814b3f-dfa2-5b13-8d18-71a468927448,178b43e4-e90c-5d29-8744-9043c4193b85,2026-10-06T21:01:13+00:00,2026-10-07T05:01:13+00:00,"[{""author"": ""Aditya Sen"", ""body"": ""Demo request: The paper tray repeatedly jams during dispatch printing."", ""at"": ""2026-10-06T21:01:13+00:00""}, {""author"": ""Neha Kapoor"", ""body"": ""Acknowledged and reviewing asset history and the relevant knowledge article."", ""at"": ""2026-10-06T21:21:13+00:00""}, {""author"": ""Neha Kapoor"", ""body"": ""Demo resolution: approved troubleshooting completed and service restored."", ""at"": ""2026-10-07T04:31:13+00:00""}]",2026-10-07T04:31:13+00:00
2026-10-06T21:01:13+00:00,2026-10-07T06:51:13+00:00,e924a2b5-88c8-5e63-99f7-2a4bd62bd3f2,TKT-0032,Network switch intermittent link · case 32,CLOSED,The plant link briefly drops and reconnects. This is fictional sample content.,INCIDENT,Network,P2,IT support,b9f741cf-2bec-5704-8671-30471846bf0b,a4ca66e0-3f1d-587c-9422-ad9729e225cc,178b43e4-e90c-5d29-8744-9043c4193b85,2026-10-06T21:01:13+00:00,2026-10-07T05:01:13+00:00,"[{""author"": ""Suresh Roy"", ""body"": ""Demo request: The plant link briefly drops and reconnects."", ""at"": ""2026-10-06T21:01:13+00:00""}, {""author"": ""Neha Kapoor"", ""body"": ""Acknowledged and reviewing asset history and the relevant knowledge article."", ""at"": ""2026-10-06T21:21:13+00:00""}, {""author"": ""Neha Kapoor"", ""body"": ""Demo resolution: approved troubleshooting completed and service restored."", ""at"": ""2026-10-07T04:31:13+00:00""}]",2026-10-07T04:31:13+00:00
2026-10-06T19:01:13+00:00,2026-10-07T06:51:13+00:00,68ff8249-ca59-5bc5-aa50-198ed15e9806,TKT-0006,Air conditioning not cooling · case 06,NEW,Cooling is below the approved set point; inspect filters. This is fictional sample content.,WORK_ORDER,Facilities,P4,Facilities,d588ebe0-76c8-58b6-85f9-bc590c89f778,40168aac-e72a-503d-9cf3-769834e90587,,2026-10-06T19:01:13+00:00,2026-10-08T19:01:13+00:00,"[{""author"": ""Aisha Khan"", ""body"": ""Demo request: Cooling is below the approved set point; inspect filters."", ""at"": ""2026-10-06T19:01:13+00:00""}]",
2026-10-06T19:01:13+00:00,2026-10-07T06:51:13+00:00,5b82fd1c-6644-5f7e-aa38-a83c1af2388f,TKT-0011,Fleet service inspection · case 11,IN_PROGRESS,Inspect the delivery vehicle using the fleet checklist. This is fictional sample content.,WORK_ORDER,Facilities,P5,Facilities,91d0853f-a9fe-5372-8073-9fbf02324965,5741fb77-54ec-57f6-8dd3-128a6f117eca,1bb88ffa-529c-5a6d-84c8-05bdc6796caa,2026-10-06T19:01:13+00:00,2026-10-09T19:01:13+00:00,"[{""author"": ""Dev Patel"", ""body"": ""Demo request: Inspect the delivery vehicle using the fleet checklist."", ""at"": ""2026-10-06T19:01:13+00:00""}, {""author"": ""Rahul Das"", ""body"": ""Acknowledged and reviewing asset history and the relevant knowledge article."", ""at"": ""2026-10-06T19:21:13+00:00""}]",
2026-10-06T19:01:13+00:00,2026-10-07T06:51:13+00:00,2d414318-c096-5978-a69d-8d3d930ece7c,TKT-0016,Printer paper jam · case 16,ASSIGNED,The paper tray repeatedly jams during dispatch printing. This is fictional sample content.,INCIDENT,Hardware,P2,IT support,5998924f-20e6-5028-8635-e8732ca07fa9,cb814b3f-dfa2-5b13-8d18-71a468927448,178b43e4-e90c-5d29-8744-9043c4193b85,2026-10-06T19:01:13+00:00,2026-10-07T03:01:13+00:00,"[{""author"": ""Aditya Sen"", ""body"": ""Demo request: The paper tray repeatedly jams during dispatch printing."", ""at"": ""2026-10-06T19:01:13+00:00""}, {""author"": ""Neha Kapoor"", ""body"": ""Acknowledged and reviewing asset history and the relevant knowledge article."", ""at"": ""2026-10-06T19:21:13+00:00""}]",
2026-10-06T19:01:13+00:00,2026-10-07T06:51:13+00:00,84098532-a976-57e5-a247-4b4d46983c36,TKT-0021,Application access request · case 21,PENDING_USER,Request access for an approved business activity. This is fictional sample content.,REQUEST,Software,P3,IT support,70cfc6be-91f9-5cba-b3b2-50bfa6e85732,b75a85d0-d96e-5e06-bc75-26c59ce36fe2,976d9a4b-3a49-596d-ae01-2de7dc8a3a77,2026-10-06T19:01:13+00:00,2026-10-07T19:01:13+00:00,"[{""author"": ""Ananya Reddy"", ""body"": ""Demo request: Request access for an approved business activity."", ""at"": ""2026-10-06T19:01:13+00:00""}, {""author"": ""Vikram Joshi"", ""body"": ""Acknowledged and reviewing asset history and the relevant knowledge article."", ""at"": ""2026-10-06T19:21:13+00:00""}]",
2026-10-06T19:01:13+00:00,2026-10-07T06:51:13+00:00,c55bf2a5-88a4-5e66-902e-4a2ea239ff81,TKT-0026,Laptop Wi-Fi disconnects repeatedly · case 26,PENDING_VENDOR,Connection drops during meetings; inspect network adapter logs. This is fictional sample content.,INCIDENT,Network,P3,IT support,63caf73f-2bd0-589f-8f09-fc5365c91c63,6b7a1e85-ccc2-5b38-9f94-9830c8f3f08a,40168aac-e72a-503d-9cf3-769834e90587,2026-10-06T19:01:13+00:00,2026-10-07T19:01:13+00:00,"[{""author"": ""Priya Sharma"", ""body"": ""Demo request: Connection drops during meetings; inspect network adapter logs."", ""at"": ""2026-10-06T19:01:13+00:00""}, {""author"": ""Aisha Khan"", ""body"": ""Acknowledged and reviewing asset history and the relevant knowledge article."", ""at"": ""2026-10-06T19:21:13+00:00""}]",
2026-10-06T19:01:13+00:00,2026-10-07T06:51:13+00:00,35ab41a5-14ef-5221-b43b-d9a721d46df4,TKT-0036,Server backup warning · case 36,REOPENED,Review the backup job error and confirm the restore-point status. This is fictional sample content.,INCIDENT,Software,P2,IT support,997a51d5-1943-5ea2-978a-84ab858a589f,9ec95ab0-ccc3-5ceb-9ce6-21cba2485add,178b43e4-e90c-5d29-8744-9043c4193b85,2026-10-06T19:01:13+00:00,2026-10-07T03:01:13+00:00,"[{""author"": ""Tara Desai"", ""body"": ""Demo request: Review the backup job error and confirm the restore-point status."", ""at"": ""2026-10-06T19:01:13+00:00""}, {""author"": ""Neha Kapoor"", ""body"": ""Acknowledged and reviewing asset history and the relevant knowledge article."", ""at"": ""2026-10-06T19:21:13+00:00""}]",
2026-10-06T13:01:13+00:00,2026-10-07T06:51:13+00:00,af5d5b43-2148-59a5-9c4e-ce7876fe3ec5,TKT-0007,Monitor display flickers · case 07,IN_PROGRESS,Display flickers while using the approved cable. This is fictional sample content.,INCIDENT,Hardware,P3,IT support,1fcd4405-fe59-5f3f-aa79-910984e89b8e,3669fd23-1873-5f1d-8cba-b2e0d79594e4,1bb88ffa-529c-5a6d-84c8-05bdc6796caa,2026-10-06T13:01:13+00:00,2026-10-07T13:01:13+00:00,"[{""author"": ""Amit Singh"", ""body"": ""Demo request: Display flickers while using the approved cable."", ""at"": ""2026-10-06T13:01:13+00:00""}, {""author"": ""Rahul Das"", ""body"": ""Acknowledged and reviewing asset history and the relevant knowledge article."", ""at"": ""2026-10-06T13:21:13+00:00""}]",
2026-10-06T13:01:13+00:00,2026-10-07T06:51:13+00:00,418b745f-f2c3-596e-9f7b-0ce9a1e18709,TKT-0012,Server backup warning · case 12,IN_PROGRESS,Review the backup job error and confirm the restore-point status. This is fictional sample content.,INCIDENT,Software,P2,IT support,997a51d5-1943-5ea2-978a-84ab858a589f,0027699e-67dd-5d81-858d-8036e71b2552,178b43e4-e90c-5d29-8744-9043c4193b85,2026-10-06T13:01:13+00:00,2026-10-06T21:01:13+00:00,"[{""author"": ""Nisha Shah"", ""body"": ""Demo request: Review the backup job error and confirm the restore-point status."", ""at"": ""2026-10-06T13:01:13+00:00""}, {""author"": ""Neha Kapoor"", ""body"": ""Acknowledged and reviewing asset history and the relevant knowledge article."", ""at"": ""2026-10-06T13:21:13+00:00""}]",
2026-10-06T13:01:13+00:00,2026-10-07T06:51:13+00:00,1d0c2fde-e19a-587c-bfb1-fa1d6416f688,TKT-0022,Device setup request · case 22,PENDING_USER,Configure the assigned workstation and approved applications. This is fictional sample content.,REQUEST,Software,P5,IT support,8ec99e1f-ec44-5548-8807-6cd973df147b,76d32e51-31af-5b29-83e3-ec6d98589003,40168aac-e72a-503d-9cf3-769834e90587,2026-10-06T13:01:13+00:00,2026-10-09T13:01:13+00:00,"[{""author"": ""Kiran Kumar"", ""body"": ""Demo request: Configure the assigned workstation and approved applications."", ""at"": ""2026-10-06T13:01:13+00:00""}, {""author"": ""Aisha Khan"", ""body"": ""Acknowledged and reviewing asset history and the relevant knowledge article."", ""at"": ""2026-10-06T13:21:13+00:00""}]",
2026-10-06T10:37:13+00:00,2026-10-07T06:51:13+00:00,9da66046-3821-5288-aeea-50351b691c84,TKT-0002,Laptop Wi-Fi disconnects repeatedly · case 02,NEW,Connection drops during meetings; inspect network adapter logs. This is fictional sample content.,INCIDENT,Network,P3,IT support,63caf73f-2bd0-589f-8f09-fc5365c91c63,6b7a1e85-ccc2-5b38-9f94-9830c8f3f08a,,2026-10-06T10:37:13+00:00,2026-10-07T10:37:13+00:00,"[{""author"": ""Priya Sharma"", ""body"": ""Demo request: Connection drops during meetings; inspect network adapter logs."", ""at"": ""2026-10-06T10:37:13+00:00""}]",
2026-10-06T07:01:13+00:00,2026-10-07T06:51:13+00:00,707b2de8-42e7-5c9a-a2e9-7abbb8e906d2,TKT-0008,Network switch intermittent link · case 08,IN_PROGRESS,The plant link briefly drops and reconnects. This is fictional sample content.,INCIDENT,Network,P1,IT support,b9f741cf-2bec-5704-8671-30471846bf0b,a4ca66e0-3f1d-587c-9422-ad9729e225cc,178b43e4-e90c-5d29-8744-9043c4193b85,2026-10-06T07:01:13+00:00,2026-10-06T11:01:13+00:00,"[{""author"": ""Suresh Roy"", ""body"": ""Demo request: The plant link briefly drops and reconnects."", ""at"": ""2026-10-06T07:01:13+00:00""}, {""author"": ""Neha Kapoor"", ""body"": ""Acknowledged and reviewing asset history and the relevant knowledge article."", ""at"": ""2026-10-06T07:21:13+00:00""}]",
2026-10-06T07:01:13+00:00,2026-10-07T06:51:13+00:00,4291282d-ffa2-55b6-90f6-aa3ad55529df,TKT-0013,Laptop cannot boot · case 13,IN_PROGRESS,Check approved power source; route to IT support. This is fictional sample content.,INCIDENT,Hardware,P3,IT support,63caf73f-2bd0-589f-8f09-fc5365c91c63,6b7a1e85-ccc2-5b38-9f94-9830c8f3f08a,976d9a4b-3a49-596d-ae01-2de7dc8a3a77,2026-10-06T07:01:13+00:00,2026-10-07T07:01:13+00:00,"[{""author"": ""Priya Sharma"", ""body"": ""Demo request: Check approved power source; route to IT support."", ""at"": ""2026-10-06T07:01:13+00:00""}, {""author"": ""Vikram Joshi"", ""body"": ""Acknowledged and reviewing asset history and the relevant knowledge article."", ""at"": ""2026-10-06T07:21:13+00:00""}]",
2026-10-06T07:01:13+00:00,2026-10-07T06:51:13+00:00,17e6d416-a1e3-55a5-9992-89d2308bf288,TKT-0018,Air conditioning not cooling · case 18,ASSIGNED,Cooling is below the approved set point; inspect filters. This is fictional sample content.,WORK_ORDER,Facilities,P4,Facilities,d588ebe0-76c8-58b6-85f9-bc590c89f778,40168aac-e72a-503d-9cf3-769834e90587,40168aac-e72a-503d-9cf3-769834e90587,2026-10-06T07:01:13+00:00,2026-10-08T07:01:13+00:00,"[{""author"": ""Aisha Khan"", ""body"": ""Demo request: Cooling is below the approved set point; inspect filters."", ""at"": ""2026-10-06T07:01:13+00:00""}, {""author"": ""Aisha Khan"", ""body"": ""Acknowledged and reviewing asset history and the relevant knowledge article."", ""at"": ""2026-10-06T07:21:13+00:00""}]",
2026-10-06T07:01:13+00:00,2026-10-07T06:51:13+00:00,5dd99d92-9e86-5a14-846b-6d283e12c50c,TKT-0023,Fleet service inspection · case 23,PENDING_VENDOR,Inspect the delivery vehicle using the fleet checklist. This is fictional sample content.,WORK_ORDER,Facilities,P3,Facilities,91d0853f-a9fe-5372-8073-9fbf02324965,5741fb77-54ec-57f6-8dd3-128a6f117eca,1bb88ffa-529c-5a6d-84c8-05bdc6796caa,2026-10-06T07:01:13+00:00,2026-10-07T07:01:13+00:00,"[{""author"": ""Dev Patel"", ""body"": ""Demo request: Inspect the delivery vehicle using the fleet checklist."", ""at"": ""2026-10-06T07:01:13+00:00""}, {""author"": ""Rahul Das"", ""body"": ""Acknowledged and reviewing asset history and the relevant knowledge article."", ""at"": ""2026-10-06T07:21:13+00:00""}]",
2026-10-06T05:01:13+00:00,2026-10-07T06:51:13+00:00,b1bd99f3-d690-5a3a-a4e0-d3cfc52777e1,TKT-0027,Laptop power failure recurred · case 27,RESOLVED,A previous incident returned; review hardware history. This is fictional sample content.,INCIDENT,Hardware,P3,IT support,63caf73f-2bd0-589f-8f09-fc5365c91c63,6b7a1e85-ccc2-5b38-9f94-9830c8f3f08a,1bb88ffa-529c-5a6d-84c8-05bdc6796caa,2026-10-06T05:01:13+00:00,2026-10-07T05:01:13+00:00,"[{""author"": ""Priya Sharma"", ""body"": ""Demo request: A previous incident returned; review hardware history."", ""at"": ""2026-10-06T05:01:13+00:00""}, {""author"": ""Rahul Das"", ""body"": ""Acknowledged and reviewing asset history and the relevant knowledge article."", ""at"": ""2026-10-06T05:21:13+00:00""}, {""author"": ""Rahul Das"", ""body"": ""Demo resolution: approved troubleshooting completed and service restored."", ""at"": ""2026-10-07T05:46:13+00:00""}]",2026-10-07T05:46:13+00:00
2026-10-06T05:01:13+00:00,2026-10-07T06:51:13+00:00,35c0ecc1-30f2-5e75-a2c6-efe0225df6a7,TKT-0029,Generator alarm during load test · case 29,RESOLVED,An alarm was recorded during a supervised generator test. This is fictional sample content.,WORK_ORDER,Facilities,P3,Facilities,f61d4fce-72b1-5851-85e1-a2c59af1754a,85b22bcb-18f6-5bd5-b315-37313e4afd8f,976d9a4b-3a49-596d-ae01-2de7dc8a3a77,2026-10-06T05:01:13+00:00,2026-10-07T05:01:13+00:00,"[{""author"": ""Rohan Iyer"", ""body"": ""Demo request: An alarm was recorded during a supervised generator test."", ""at"": ""2026-10-06T05:01:13+00:00""}, {""author"": ""Vikram Joshi"", ""body"": ""Acknowledged and reviewing asset history and the relevant knowledge article."", ""at"": ""2026-10-06T05:21:13+00:00""}, {""author"": ""Vikram Joshi"", ""body"": ""Demo resolution: approved troubleshooting completed and service restored."", ""at"": ""2026-10-07T04:31:13+00:00""}]",2026-10-07T04:31:13+00:00
2026-10-06T05:01:13+00:00,2026-10-07T06:51:13+00:00,ffc9bc63-fa76-509d-a393-bbdbef63decf,TKT-0031,Monitor display flickers · case 31,CLOSED,Display flickers while using the approved cable. This is fictional sample content.,INCIDENT,Hardware,P3,IT support,1fcd4405-fe59-5f3f-aa79-910984e89b8e,3669fd23-1873-5f1d-8cba-b2e0d79594e4,1bb88ffa-529c-5a6d-84c8-05bdc6796caa,2026-10-06T05:01:13+00:00,2026-10-07T05:01:13+00:00,"[{""author"": ""Amit Singh"", ""body"": ""Demo request: Display flickers while using the approved cable."", ""at"": ""2026-10-06T05:01:13+00:00""}, {""author"": ""Rahul Das"", ""body"": ""Acknowledged and reviewing asset history and the relevant knowledge article."", ""at"": ""2026-10-06T05:21:13+00:00""}, {""author"": ""Rahul Das"", ""body"": ""Demo resolution: approved troubleshooting completed and service restored."", ""at"": ""2026-10-07T04:31:13+00:00""}]",2026-10-07T04:31:13+00:00
2026-10-06T05:01:13+00:00,2026-10-07T06:51:13+00:00,a51b07a4-24de-5ecd-8b91-d5838a65df91,TKT-0034,Device setup request · case 34,CLOSED,Configure the assigned workstation and approved applications. This is fictional sample content.,REQUEST,Software,P3,IT support,8ec99e1f-ec44-5548-8807-6cd973df147b,76d32e51-31af-5b29-83e3-ec6d98589003,40168aac-e72a-503d-9cf3-769834e90587,2026-10-06T05:01:13+00:00,2026-10-07T05:01:13+00:00,"[{""author"": ""Kiran Kumar"", ""body"": ""Demo request: Configure the assigned workstation and approved applications."", ""at"": ""2026-10-06T05:01:13+00:00""}, {""author"": ""Aisha Khan"", ""body"": ""Acknowledged and reviewing asset history and the relevant knowledge article."", ""at"": ""2026-10-06T05:21:13+00:00""}, {""author"": ""Aisha Khan"", ""body"": ""Demo resolution: approved troubleshooting completed and service restored."", ""at"": ""2026-10-07T04:31:13+00:00""}]",2026-10-07T04:31:13+00:00
2026-10-06T01:01:13+00:00,2026-10-07T06:51:13+00:00,920a3727-cdfc-52f2-966b-4d42f883c625,TKT-0004,Printer paper jam · case 04,NEW,The paper tray repeatedly jams during dispatch printing. This is fictional sample content.,INCIDENT,Hardware,P2,IT support,5998924f-20e6-5028-8635-e8732ca07fa9,cb814b3f-dfa2-5b13-8d18-71a468927448,,2026-10-06T01:01:13+00:00,2026-10-06T09:01:13+00:00,"[{""author"": ""Aditya Sen"", ""body"": ""Demo request: The paper tray repeatedly jams during dispatch printing."", ""at"": ""2026-10-06T01:01:13+00:00""}]",
2026-10-06T01:01:13+00:00,2026-10-07T06:51:13+00:00,59d64682-401e-5282-a4ca-26562abff715,TKT-0009,Application access request · case 09,IN_PROGRESS,Request access for an approved business activity. This is fictional sample content.,REQUEST,Software,P3,IT support,70cfc6be-91f9-5cba-b3b2-50bfa6e85732,b75a85d0-d96e-5e06-bc75-26c59ce36fe2,976d9a4b-3a49-596d-ae01-2de7dc8a3a77,2026-10-06T01:01:13+00:00,2026-10-07T01:01:13+00:00,"[{""author"": ""Ananya Reddy"", ""body"": ""Demo request: Request access for an approved business activity."", ""at"": ""2026-10-06T01:01:13+00:00""}, {""author"": ""Vikram Joshi"", ""body"": ""Acknowledged and reviewing asset history and the relevant knowledge article."", ""at"": ""2026-10-06T01:21:13+00:00""}]",
2026-10-06T01:01:13+00:00,2026-10-07T06:51:13+00:00,9cd8d3bd-9036-567d-9fd1-21da0f787a18,TKT-0014,Laptop Wi-Fi disconnects repeatedly · case 14,IN_PROGRESS,Connection drops during meetings; inspect network adapter logs. This is fictional sample content.,INCIDENT,Network,P3,IT support,63caf73f-2bd0-589f-8f09-fc5365c91c63,6b7a1e85-ccc2-5b38-9f94-9830c8f3f08a,40168aac-e72a-503d-9cf3-769834e90587,2026-10-06T01:01:13+00:00,2026-10-07T01:01:13+00:00,"[{""author"": ""Priya Sharma"", ""body"": ""Demo request: Connection drops during meetings; inspect network adapter logs."", ""at"": ""2026-10-06T01:01:13+00:00""}, {""author"": ""Aisha Khan"", ""body"": ""Acknowledged and reviewing asset history and the relevant knowledge article."", ""at"": ""2026-10-06T01:21:13+00:00""}]",
2026-10-06T01:01:13+00:00,2026-10-07T06:51:13+00:00,b0b62583-75cc-5965-971d-76f23d89148e,TKT-0019,Monitor display flickers · case 19,PENDING_USER,Display flickers while using the approved cable. This is fictional sample content.,INCIDENT,Hardware,P3,IT support,1fcd4405-fe59-5f3f-aa79-910984e89b8e,3669fd23-1873-5f1d-8cba-b2e0d79594e4,1bb88ffa-529c-5a6d-84c8-05bdc6796caa,2026-10-06T01:01:13+00:00,2026-10-07T01:01:13+00:00,"[{""author"": ""Amit Singh"", ""body"": ""Demo request: Display flickers while using the approved cable."", ""at"": ""2026-10-06T01:01:13+00:00""}, {""author"": ""Rahul Das"", ""body"": ""Acknowledged and reviewing asset history and the relevant knowledge article."", ""at"": ""2026-10-06T01:21:13+00:00""}]",
2026-10-06T01:01:13+00:00,2026-10-07T06:51:13+00:00,19748d1f-6125-52ec-ae8c-4c85d9a25e29,TKT-0024,Server backup warning · case 24,PENDING_VENDOR,Review the backup job error and confirm the restore-point status. This is fictional sample content.,INCIDENT,Software,P2,IT support,997a51d5-1943-5ea2-978a-84ab858a589f,a4ca66e0-3f1d-587c-9422-ad9729e225cc,178b43e4-e90c-5d29-8744-9043c4193b85,2026-10-06T01:01:13+00:00,2026-10-06T09:01:13+00:00,"[{""author"": ""Suresh Roy"", ""body"": ""Demo request: Review the backup job error and confirm the restore-point status."", ""at"": ""2026-10-06T01:01:13+00:00""}, {""author"": ""Neha Kapoor"", ""body"": ""Acknowledged and reviewing asset history and the relevant knowledge article."", ""at"": ""2026-10-06T01:21:13+00:00""}]",
2026-10-05T05:01:13+00:00,2026-10-07T06:51:13+00:00,80c287f3-3d46-5c98-a3e3-d6e4f2e67b69,TKT-0030,Air conditioning not cooling · case 30,RESOLVED,Cooling is below the approved set point; inspect filters. This is fictional sample content.,WORK_ORDER,Facilities,P4,Facilities,d588ebe0-76c8-58b6-85f9-bc590c89f778,40168aac-e72a-503d-9cf3-769834e90587,40168aac-e72a-503d-9cf3-769834e90587,2026-10-05T05:01:13+00:00,2026-10-07T05:01:13+00:00,"[{""author"": ""Aisha Khan"", ""body"": ""Demo request: Cooling is below the approved set point; inspect filters."", ""at"": ""2026-10-05T05:01:13+00:00""}, {""author"": ""Aisha Khan"", ""body"": ""Acknowledged and reviewing asset history and the relevant knowledge article."", ""at"": ""2026-10-05T05:21:13+00:00""}, {""author"": ""Aisha Khan"", ""body"": ""Demo resolution: approved troubleshooting completed and service restored."", ""at"": ""2026-10-07T05:46:13+00:00""}]",2026-10-07T05:46:13+00:00
2026-10-04T05:01:13+00:00,2026-10-07T06:51:13+00:00,01358f63-6493-5005-98c2-07c1db55cc6e,TKT-0033,Application access request · case 33,CLOSED,Request access for an approved business activity. This is fictional sample content.,REQUEST,Software,P5,IT support,70cfc6be-91f9-5cba-b3b2-50bfa6e85732,b75a85d0-d96e-5e06-bc75-26c59ce36fe2,976d9a4b-3a49-596d-ae01-2de7dc8a3a77,2026-10-04T05:01:13+00:00,2026-10-07T05:01:13+00:00,"[{""author"": ""Ananya Reddy"", ""body"": ""Demo request: Request access for an approved business activity."", ""at"": ""2026-10-04T05:01:13+00:00""}, {""author"": ""Vikram Joshi"", ""body"": ""Acknowledged and reviewing asset history and the relevant knowledge article."", ""at"": ""2026-10-04T05:21:13+00:00""}, {""author"": ""Vikram Joshi"", ""body"": ""Demo resolution: approved troubleshooting completed and service restored."", ""at"": ""2026-10-07T05:46:13+00:00""}]",2026-10-07T05:46:13+00:00
