id,name,email,role_code,department_code,site_code,status,initial_password,role_id
9861d685-f1f2-5904-9b1b-ec119b816f5b,Arjun Mehta,admin@evergreen.example.test,ADMIN,ADMIN,HQ,ACTIVE,AssetQDemo!2026,3ee32ccb-2ef1-446e-8f5c-2d5ae04f784f
d2727f21-db3c-525e-9b14-23f7c8cabf73,Kavya Rao,admin.backup@evergreen.example.test,ADMIN,IT,HQ,ACTIVE,AssetQDemo!2026,3ee32ccb-2ef1-446e-8f5c-2d5ae04f784f
6b7a1e85-ccc2-5b38-9f94-9830c8f3f08a,Priya Sharma,asset.manager@evergreen.example.test,ASSET,ADMIN,HQ,ACTIVE,AssetQDemo!2026,08ade231-dbff-4a2e-9ac0-0f0498ca3f28
85b22bcb-18f6-5bd5-b315-37313e4afd8f,Rohan Iyer,asset.manager.plant@evergreen.example.test,ASSET,OPERATIONS,BLR,ACTIVE,AssetQDemo!2026,08ade231-dbff-4a2e-9ac0-0f0498ca3f28
178b43e4-e90c-5d29-8744-9043c4193b85,Neha Kapoor,helpdesk@evergreen.example.test,HELPDESK,IT,HQ,ACTIVE,AssetQDemo!2026,1b8ad6f8-eb78-43ce-88b7-4232da736e46
976d9a4b-3a49-596d-ae01-2de7dc8a3a77,Vikram Joshi,helpdesk.network@evergreen.example.test,HELPDESK,IT,HQ,ACTIVE,AssetQDemo!2026,1b8ad6f8-eb78-43ce-88b7-4232da736e46
40168aac-e72a-503d-9cf3-769834e90587,Aisha Khan,helpdesk.plant@evergreen.example.test,HELPDESK,IT,BLR,ACTIVE,AssetQDemo!2026,1b8ad6f8-eb78-43ce-88b7-4232da736e46
1bb88ffa-529c-5a6d-84c8-05bdc6796caa,Rahul Das,helpdesk.warehouse@evergreen.example.test,HELPDESK,IT,PUN,ACTIVE,AssetQDemo!2026,1b8ad6f8-eb78-43ce-88b7-4232da736e46
6c7266b8-430b-5f5b-8241-23ef8680f97e,Sanjay Verma,technician@evergreen.example.test,TECHNICIAN,MAINTENANCE,BLR,ACTIVE,AssetQDemo!2026,da4eb7d1-5949-5e0e-8240-f8aa9f27f639
62378329-5e5e-574e-8e3e-a5bcb3ac512a,Divya Menon,technician.hvac@evergreen.example.test,TECHNICIAN,MAINTENANCE,HQ,ACTIVE,AssetQDemo!2026,da4eb7d1-5949-5e0e-8240-f8aa9f27f639
3669fd23-1873-5f1d-8cba-b2e0d79594e4,Amit Singh,technician.fleet@evergreen.example.test,TECHNICIAN,MAINTENANCE,PUN,ACTIVE,AssetQDemo!2026,da4eb7d1-5949-5e0e-8240-f8aa9f27f639
c45454e5-d2a2-5c35-b901-856ee3a45fe3,Meera Nair,finance@evergreen.example.test,FINANCE,FINANCE,HQ,ACTIVE,AssetQDemo!2026,421df790-95b0-5c66-ac3f-f31d08e88b95
5741fb77-54ec-57f6-8dd3-128a6f117eca,Dev Patel,finance.controller@evergreen.example.test,FINANCE,FINANCE,HQ,ACTIVE,AssetQDemo!2026,421df790-95b0-5c66-ac3f-f31d08e88b95
de7a15a7-912f-5a80-b5cc-b49a0e850890,Ishita Bose,auditor@evergreen.example.test,AUDITOR,QUALITY,HQ,ACTIVE,AssetQDemo!2026,d7ba3344-ed6e-42bd-becf-485a8bdc4e98
c1a5bf1b-8cc2-5559-aefe-fce8f035f14e,Nitin Gupta,auditor.plant@evergreen.example.test,AUDITOR,QUALITY,BLR,ACTIVE,AssetQDemo!2026,d7ba3344-ed6e-42bd-becf-485a8bdc4e98
b75a85d0-d96e-5e06-bc75-26c59ce36fe2,Ananya Reddy,employee@evergreen.example.test,EMPLOYEE,HR,HQ,ACTIVE,AssetQDemo!2026,3f2be03f-0911-4c66-a206-62ad91774b18
76d32e51-31af-5b29-83e3-ec6d98589003,Kiran Kumar,employee.operations@evergreen.example.test,EMPLOYEE,OPERATIONS,BLR,ACTIVE,AssetQDemo!2026,3f2be03f-0911-4c66-a206-62ad91774b18
ff3fd9a1-9844-5f7f-bbdb-3a14d0eb8c11,Pooja Sethi,employee.warehouse@evergreen.example.test,EMPLOYEE,WAREHOUSE,PUN,ACTIVE,AssetQDemo!2026,3f2be03f-0911-4c66-a206-62ad91774b18
cb814b3f-dfa2-5b13-8d18-71a468927448,Aditya Sen,employee.quality@evergreen.example.test,EMPLOYEE,QUALITY,BLR,ACTIVE,AssetQDemo!2026,3f2be03f-0911-4c66-a206-62ad91774b18
c27d41e7-cd94-5c8e-8588-4fa5028fbf2f,Sneha Pillai,employee.admin@evergreen.example.test,EMPLOYEE,ADMIN,HQ,ACTIVE,AssetQDemo!2026,3f2be03f-0911-4c66-a206-62ad91774b18
be431c8c-a0b4-59d2-9e56-f00944947f6c,Varun Malhotra,employee.hr@evergreen.example.test,EMPLOYEE,HR,HQ,ACTIVE,AssetQDemo!2026,3f2be03f-0911-4c66-a206-62ad91774b18
9ec95ab0-ccc3-5ceb-9ce6-21cba2485add,Tara Desai,employee.planning@evergreen.example.test,EMPLOYEE,OPERATIONS,HQ,ACTIVE,AssetQDemo!2026,3f2be03f-0911-4c66-a206-62ad91774b18
9cae778f-ef92-593a-bd2e-353f78367a6c,Manoj Bhat,employee.production@evergreen.example.test,EMPLOYEE,OPERATIONS,BLR,ACTIVE,AssetQDemo!2026,3f2be03f-0911-4c66-a206-62ad91774b18
405083be-63ca-55c3-a460-e8d3b200c8cb,Ritika Jain,employee.dispatch@evergreen.example.test,EMPLOYEE,WAREHOUSE,PUN,ACTIVE,AssetQDemo!2026,3f2be03f-0911-4c66-a206-62ad91774b18
a4ca66e0-3f1d-587c-9422-ad9729e225cc,Suresh Roy,employee.safety@evergreen.example.test,EMPLOYEE,QUALITY,BLR,ACTIVE,AssetQDemo!2026,3f2be03f-0911-4c66-a206-62ad91774b18
7bc69bd3-0d29-5679-80f3-15937b2dff5f,Leena Thomas,employee.accounts@evergreen.example.test,EMPLOYEE,FINANCE,HQ,ACTIVE,AssetQDemo!2026,3f2be03f-0911-4c66-a206-62ad91774b18
629450e0-6fcb-59e9-8aa5-a85876785e0c,Harish Rao,employee.facilities@evergreen.example.test,EMPLOYEE,ADMIN,HQ,ACTIVE,AssetQDemo!2026,3f2be03f-0911-4c66-a206-62ad91774b18
0027699e-67dd-5d81-858d-8036e71b2552,Nisha Shah,employee.inventory@evergreen.example.test,EMPLOYEE,WAREHOUSE,PUN,ACTIVE,AssetQDemo!2026,3f2be03f-0911-4c66-a206-62ad91774b18
df0089a5-d68f-5d2b-adc8-68bb2b7babae,Deepak Sinha,employee.supervisor@evergreen.example.test,EMPLOYEE,OPERATIONS,BLR,ACTIVE,AssetQDemo!2026,3f2be03f-0911-4c66-a206-62ad91774b18
41239575-ad45-5599-bf1c-22a1c28654af,Riya Verma,employee.reception@evergreen.example.test,EMPLOYEE,ADMIN,HQ,ACTIVE,AssetQDemo!2026,3f2be03f-0911-4c66-a206-62ad91774b18
